ticker,exchange,icb_code,icb_name,effective_from,effective_to,is_current,issuer_id,state_owner_pct,foreign_room_pct
AAV,HNX,8633,Bất động sản,2020-01-01,,True,,,
ADC,HNX,5557,"Sách, ấn bản & sản phẩm văn hóa",2020-01-01,,True,,,
ALT,HNX,5557,"Sách, ấn bản & sản phẩm văn hóa",2020-01-01,,True,,,
AMC,HNX,1775,Khai khoáng,2020-01-01,,True,,,
AME,HNX,2737,Thiết bị điện,2020-01-01,,True,,,
AMV,HNX,4535,Thiết bị y tế,2020-01-01,,True,,,
API,HNX,8633,Bất động sản,2020-01-01,,True,,,
APS,HNX,8777,Môi giới chứng khoán,2020-01-01,,True,,,
ARM,HNX,2797,Nhà cung cấp thiết bị,2020-01-01,,True,,,
ATS,HNX,5757,Nhà hàng và quán bar,2020-01-01,,True,,,
BAB,HNX,8355,Ngân hàng,2020-01-01,,True,,,
BAX,HNX,2357,Xây dựng,2020-01-01,,True,,,
BBS,HNX,2723,Containers & Đóng gói,2020-01-01,,True,,,
BCC,HNX,2353,Vật liệu xây dựng & Nội thất,2020-01-01,,True,,,
BCF,HNX,3577,Thực phẩm,2020-01-01,,True,,,
BED,HNX,5557,"Sách, ấn bản & sản phẩm văn hóa",2020-01-01,,True,,,
BKC,HNX,1775,Khai khoáng,2020-01-01,,True,,,
BNA,HNX,3577,Thực phẩm,2020-01-01,,True,,,
BPC,HNX,2723,Containers & Đóng gói,2020-01-01,,True,,,
BTS,HNX,2353,Vật liệu xây dựng & Nội thất,2020-01-01,,True,,,
BTW,HNX,7577,Nước,2020-01-01,,True,,,
BVS,HNX,8777,Môi giới chứng khoán,2020-01-01,,True,,,
BXH,HNX,2723,Containers & Đóng gói,2020-01-01,,True,,,
C69,HNX,2357,Xây dựng,2020-01-01,,True,,,
CAG,HNX,2777,"Kho bãi, hậu cần và bảo dưỡng",2020-01-01,,True,,,
CAN,HNX,3577,Thực phẩm,2020-01-01,,True,,,
CAP,HNX,1737,Sản xuất giấy,2020-01-01,,True,,,
CAR,HNX,2793,Đào tạo & Việc làm,2020-01-01,,True,,,
CCR,HNX,2777,"Kho bãi, hậu cần và bảo dưỡng",2020-01-01,,True,,,
CDN,HNX,2777,"Kho bãi, hậu cần và bảo dưỡng",2020-01-01,,True,,,
CEO,HNX,8633,Bất động sản,2020-01-01,,True,,,
CET,HNX,3767,Hàng cá nhân,2020-01-01,,True,,,
CIA,HNX,2777,"Kho bãi, hậu cần và bảo dưỡng",2020-01-01,,True,,,
CJC,HNX,2737,Thiết bị điện,2020-01-01,,True,,,
CKV,HNX,9578,Thiết bị viễn thông,2020-01-01,,True,,,
CLH,HNX,2353,Vật liệu xây dựng & Nội thất,2020-01-01,,True,,,
CLM,HNX,1771,Khai thác Than,2020-01-01,,True,,,
CMC,HNX,2757,Máy công nghiệp,2020-01-01,,True,,,
CMS,HNX,2357,Xây dựng,2020-01-01,,True,,,
CPC,HNX,1357,"Sản phẩm hóa dầu, Nông dược & Hóa chất khác",2020-01-01,,True,,,
CSC,HNX,2357,Xây dựng,2020-01-01,,True,,,
CST,HNX,1771,Khai thác Than,2020-01-01,,True,,,
CTB,HNX,2757,Máy công nghiệp,2020-01-01,,True,,,
CTP,HNX,3537,Đồ uống & giải khát,2020-01-01,,True,,,
CTT,HNX,2757,Máy công nghiệp,2020-01-01,,True,,,
CX8,HNX,2357,Xây dựng,2020-01-01,,True,,,
D11,HNX,8633,Bất động sản,2020-01-01,,True,,,
DAD,HNX,5557,"Sách, ấn bản & sản phẩm văn hóa",2020-01-01,,True,,,
DAE,HNX,5557,"Sách, ấn bản & sản phẩm văn hóa",2020-01-01,,True,,,
DC2,HNX,2357,Xây dựng,2020-01-01,,True,,,
DDG,HNX,7573,Phân phối xăng dầu & khí đốt,2020-01-01,,True,,,
DHP,HNX,2737,Thiết bị điện,2020-01-01,,True,,,
DHT,HNX,4577,Dược phẩm,2020-01-01,,True,,,
DIH,HNX,2357,Xây dựng,2020-01-01,,True,,,
DL1,HNX,2777,"Kho bãi, hậu cần và bảo dưỡng",2020-01-01,,True,,,
DNC,HNX,7535,Sản xuất & Phân phối Điện,2020-01-01,,True,,,
DNP,HNX,2353,Vật liệu xây dựng & Nội thất,2020-01-01,,True,,,
DP3,HNX,4577,Dược phẩm,2020-01-01,,True,,,
DS3,HNX,2777,"Kho bãi, hậu cần và bảo dưỡng",2020-01-01,,True,,,
DST,HNX,5557,"Sách, ấn bản & sản phẩm văn hóa",2020-01-01,,True,,,
DTD,HNX,8633,Bất động sản,2020-01-01,,True,,,
DTG,HNX,4577,Dược phẩm,2020-01-01,,True,,,
DTK,HNX,7535,Sản xuất & Phân phối Điện,2020-01-01,,True,,,
DVM,HNX,4577,Dược phẩm,2020-01-01,,True,,,
DXP,HNX,2777,"Kho bãi, hậu cần và bảo dưỡng",2020-01-01,,True,,,
EBS,HNX,5557,"Sách, ấn bản & sản phẩm văn hóa",2020-01-01,,True,,,
ECI,HNX,5557,"Sách, ấn bản & sản phẩm văn hóa",2020-01-01,,True,,,
EID,HNX,5557,"Sách, ấn bản & sản phẩm văn hóa",2020-01-01,,True,,,
EVS,HNX,8777,Môi giới chứng khoán,2020-01-01,,True,,,
FID,HNX,2353,Vật liệu xây dựng & Nội thất,2020-01-01,,True,,,
GDW,HNX,7577,Nước,2020-01-01,,True,,,
GIC,HNX,2777,"Kho bãi, hậu cần và bảo dưỡng",2020-01-01,,True,,,
GKM,HNX,2353,Vật liệu xây dựng & Nội thất,2020-01-01,,True,,,
GLT,HNX,3743,Điện tử tiêu dùng,2020-01-01,,True,,,
GMA,HNX,3353,Sản xuất ô tô,2020-01-01,,True,,,
GMX,HNX,2353,Vật liệu xây dựng & Nội thất,2020-01-01,,True,,,
HAD,HNX,3533,Sản xuất bia,2020-01-01,,True,,,
HAT,HNX,3533,Sản xuất bia,2020-01-01,,True,,,
HBS,HNX,8777,Môi giới chứng khoán,2020-01-01,,True,,,
HCC,HNX,2353,Vật liệu xây dựng & Nội thất,2020-01-01,,True,,,
HCT,HNX,2779,Dịch vụ vận tải,2020-01-01,,True,,,
HDA,HNX,2353,Vật liệu xây dựng & Nội thất,2020-01-01,,True,,,
HEV,HNX,5557,"Sách, ấn bản & sản phẩm văn hóa",2020-01-01,,True,,,
HGM,HNX,1775,Khai khoáng,2020-01-01,,True,,,
HHC,HNX,3577,Thực phẩm,2020-01-01,,True,,,
HJS,HNX,7535,Sản xuất & Phân phối Điện,2020-01-01,,True,,,
HKT,HNX,3537,Đồ uống & giải khát,2020-01-01,,True,,,
HLC,HNX,1771,Khai thác Than,2020-01-01,,True,,,
HLD,HNX,8633,Bất động sản,2020-01-01,,True,,,
HMH,HNX,2779,Dịch vụ vận tải,2020-01-01,,True,,,
HMR,HNX,2353,Vật liệu xây dựng & Nội thất,2020-01-01,,True,,,
HOM,HNX,2353,Vật liệu xây dựng & Nội thất,2020-01-01,,True,,,
HTC,HNX,7573,Phân phối xăng dầu & khí đốt,2020-01-01,,True,,,
HUT,HNX,3353,Sản xuất ô tô,2020-01-01,,True,,,
HVT,HNX,1357,"Sản phẩm hóa dầu, Nông dược & Hóa chất khác",2020-01-01,,True,,,
ICG,HNX,2357,Xây dựng,2020-01-01,,True,,,
IDC,HNX,8633,Bất động sản,2020-01-01,,True,,,
IDJ,HNX,8633,Bất động sản,2020-01-01,,True,,,
IDV,HNX,8633,Bất động sản,2020-01-01,,True,,,
INC,HNX,2357,Xây dựng,2020-01-01,,True,,,
INN,HNX,2723,Containers & Đóng gói,2020-01-01,,True,,,
IPA,HNX,2791,Tư vấn & Hỗ trợ KD,2020-01-01,,True,,,
ITQ,HNX,1757,Thép và sản phẩm thép,2020-01-01,,True,,,
IVS,HNX,8777,Môi giới chứng khoán,2020-01-01,,True,,,
KDM,HNX,2357,Xây dựng,2020-01-01,,True,,,
KHS,HNX,3573,Nuôi trồng nông & hải sản,2020-01-01,,True,,,
KKC,HNX,1757,Thép và sản phẩm thép,2020-01-01,,True,,,
KMT,HNX,1757,Thép và sản phẩm thép,2020-01-01,,True,,,
KSD,HNX,3722,Đồ gia dụng lâu bền,2020-01-01,,True,,,
KSF,HNX,8633,Bất động sản,2020-01-01,,True,,,
KST,HNX,9578,Thiết bị viễn thông,2020-01-01,,True,,,
KSV,HNX,1775,Khai khoáng,2020-01-01,,True,,,
KTS,HNX,3577,Thực phẩm,2020-01-01,,True,,,
L14,HNX,2357,Xây dựng,2020-01-01,,True,,,
L18,HNX,2357,Xây dựng,2020-01-01,,True,,,
L40,HNX,2357,Xây dựng,2020-01-01,,True,,,
LAS,HNX,1357,"Sản phẩm hóa dầu, Nông dược & Hóa chất khác",2020-01-01,,True,,,
LBE,HNX,3767,Hàng cá nhân,2020-01-01,,True,,,
LCD,HNX,2357,Xây dựng,2020-01-01,,True,,,
LDP,HNX,4577,Dược phẩm,2020-01-01,,True,,,
LHC,HNX,2357,Xây dựng,2020-01-01,,True,,,
LIG,HNX,2357,Xây dựng,2020-01-01,,True,,,
MAC,HNX,2753,Xe tải & Đóng tàu,2020-01-01,,True,,,
MAS,HNX,5759,Vận tải hành khách & Du lịch,2020-01-01,,True,,,
MBG,HNX,2353,Vật liệu xây dựng & Nội thất,2020-01-01,,True,,,
MBS,HNX,8777,Môi giới chứng khoán,2020-01-01,,True,,,
MCC,HNX,2353,Vật liệu xây dựng & Nội thất,2020-01-01,,True,,,
MCF,HNX,3577,Thực phẩm,2020-01-01,,True,,,
MCO,HNX,2357,Xây dựng,2020-01-01,,True,,,
MDC,HNX,1771,Khai thác Than,2020-01-01,,True,,,
MED,HNX,4577,Dược phẩm,2020-01-01,,True,,,
MEL,HNX,1757,Thép và sản phẩm thép,2020-01-01,,True,,,
MIC,HNX,1775,Khai khoáng,2020-01-01,,True,,,
MKV,HNX,4577,Dược phẩm,2020-01-01,,True,,,
MST,HNX,2357,Xây dựng,2020-01-01,,True,,,
MVB,HNX,1775,Khai khoáng,2020-01-01,,True,,,
NAG,HNX,2733,Hàng điện & điện tử,2020-01-01,,True,,,
NAP,HNX,2777,"Kho bãi, hậu cần và bảo dưỡng",2020-01-01,,True,,,
NBC,HNX,1771,Khai thác Than,2020-01-01,,True,,,
NBP,HNX,7535,Sản xuất & Phân phối Điện,2020-01-01,,True,,,
NBW,HNX,7577,Nước,2020-01-01,,True,,,
NDN,HNX,8633,Bất động sản,2020-01-01,,True,,,
NDX,HNX,2357,Xây dựng,2020-01-01,,True,,,
NET,HNX,3767,Hàng cá nhân,2020-01-01,,True,,,
NFC,HNX,1357,"Sản phẩm hóa dầu, Nông dược & Hóa chất khác",2020-01-01,,True,,,
NHC,HNX,2353,Vật liệu xây dựng & Nội thất,2020-01-01,,True,,,
NRC,HNX,8633,Bất động sản,2020-01-01,,True,,,
NSH,HNX,1753,Nhôm,2020-01-01,,True,,,
NST,HNX,3785,Thuốc lá,2020-01-01,,True,,,
NTH,HNX,7535,Sản xuất & Phân phối Điện,2020-01-01,,True,,,
NTP,HNX,2353,Vật liệu xây dựng & Nội thất,2020-01-01,,True,,,
NVB,HNX,8355,Ngân hàng,2020-01-01,,True,,,
OCH,HNX,3577,Thực phẩm,2020-01-01,,True,,,
ONE,HNX,9572,Phần cứng,2020-01-01,,True,,,
PBP,HNX,2723,Containers & Đóng gói,2020-01-01,,True,,,
PCE,HNX,1357,"Sản phẩm hóa dầu, Nông dược & Hóa chất khác",2020-01-01,,True,,,
PCH,HNX,1353,"Nhựa, cao su & sợi",2020-01-01,,True,,,
PCT,HNX,2779,Dịch vụ vận tải,2020-01-01,,True,,,
PDB,HNX,2353,Vật liệu xây dựng & Nội thất,2020-01-01,,True,,,
PEN,HNX,2357,Xây dựng,2020-01-01,,True,,,
PGN,HNX,1353,"Nhựa, cao su & sợi",2020-01-01,,True,,,
PGS,HNX,7573,Phân phối xăng dầu & khí đốt,2020-01-01,,True,,,
PGT,HNX,5759,Vận tải hành khách & Du lịch,2020-01-01,,True,,,
PHN,HNX,2733,Hàng điện & điện tử,2020-01-01,,True,,,
PIA,HNX,6535,Viễn thông cố định,2020-01-01,,True,,,
PIC,HNX,7535,Sản xuất & Phân phối Điện,2020-01-01,,True,,,
PJC,HNX,7573,Phân phối xăng dầu & khí đốt,2020-01-01,,True,,,
PLC,HNX,1357,"Sản phẩm hóa dầu, Nông dược & Hóa chất khác",2020-01-01,,True,,,
PMB,HNX,1357,"Sản phẩm hóa dầu, Nông dược & Hóa chất khác",2020-01-01,,True,,,
PMC,HNX,4577,Dược phẩm,2020-01-01,,True,,,
PMP,HNX,2723,Containers & Đóng gói,2020-01-01,,True,,,
PMS,HNX,2757,Máy công nghiệp,2020-01-01,,True,,,
POT,HNX,9572,Phần cứng,2020-01-01,,True,,,
PPE,HNX,2791,Tư vấn & Hỗ trợ KD,2020-01-01,,True,,,
PPP,HNX,4577,Dược phẩm,2020-01-01,,True,,,
PPS,HNX,2791,Tư vấn & Hỗ trợ KD,2020-01-01,,True,,,
PPT,HNX,7573,Phân phối xăng dầu & khí đốt,2020-01-01,,True,,,
PPY,HNX,7573,Phân phối xăng dầu & khí đốt,2020-01-01,,True,,,
PRC,HNX,2779,Dịch vụ vận tải,2020-01-01,,True,,,
PRE,HNX,8538,Tái bảo hiểm,2020-01-01,,True,,,
PSC,HNX,2779,Dịch vụ vận tải,2020-01-01,,True,,,
PSD,HNX,5379,Phân phối hàng chuyên dụng,2020-01-01,,True,,,
PSE,HNX,1357,"Sản phẩm hóa dầu, Nông dược & Hóa chất khác",2020-01-01,,True,,,
PSI,HNX,8777,Môi giới chứng khoán,2020-01-01,,True,,,
PSW,HNX,1357,"Sản phẩm hóa dầu, Nông dược & Hóa chất khác",2020-01-01,,True,,,
PTD,HNX,2357,Xây dựng,2020-01-01,,True,,,
PTI,HNX,8536,Bảo hiểm phi nhân thọ,2020-01-01,,True,,,
PTS,HNX,2779,Dịch vụ vận tải,2020-01-01,,True,,,
PTX,HNX,7573,Phân phối xăng dầu & khí đốt,2020-01-01,,True,,,
PV2,HNX,8633,Bất động sản,2020-01-01,,True,,,
PVB,HNX,0573,Thiết bị và Dịch vụ Dầu khí,2020-01-01,,True,,,
PVC,HNX,0573,Thiết bị và Dịch vụ Dầu khí,2020-01-01,,True,,,
PVG,HNX,7573,Phân phối xăng dầu & khí đốt,2020-01-01,,True,,,
PVI,HNX,8536,Bảo hiểm phi nhân thọ,2020-01-01,,True,,,
PVS,HNX,0573,Thiết bị và Dịch vụ Dầu khí,2020-01-01,,True,,,
QHD,HNX,2727,Công nghiệp phức hợp,2020-01-01,,True,,,
QST,HNX,5557,"Sách, ấn bản & sản phẩm văn hóa",2020-01-01,,True,,,
QTC,HNX,2357,Xây dựng,2020-01-01,,True,,,
RCL,HNX,8633,Bất động sản,2020-01-01,,True,,,
S55,HNX,2357,Xây dựng,2020-01-01,,True,,,
S99,HNX,2357,Xây dựng,2020-01-01,,True,,,
SAF,HNX,3577,Thực phẩm,2020-01-01,,True,,,
SCG,HNX,2357,Xây dựng,2020-01-01,,True,,,
SCI,HNX,2357,Xây dựng,2020-01-01,,True,,,
SD5,HNX,2357,Xây dựng,2020-01-01,,True,,,
SD9,HNX,2357,Xây dựng,2020-01-01,,True,,,
SDA,HNX,2793,Đào tạo & Việc làm,2020-01-01,,True,,,
SDC,HNX,2791,Tư vấn & Hỗ trợ KD,2020-01-01,,True,,,
SDG,HNX,2723,Containers & Đóng gói,2020-01-01,,True,,,
SDN,HNX,2353,Vật liệu xây dựng & Nội thất,2020-01-01,,True,,,
SDU,HNX,2357,Xây dựng,2020-01-01,,True,,,
SEB,HNX,7535,Sản xuất & Phân phối Điện,2020-01-01,,True,,,
SED,HNX,5557,"Sách, ấn bản & sản phẩm văn hóa",2020-01-01,,True,,,
SFN,HNX,2797,Nhà cung cấp thiết bị,2020-01-01,,True,,,
SGC,HNX,3577,Thực phẩm,2020-01-01,,True,,,
SGD,HNX,5557,"Sách, ấn bản & sản phẩm văn hóa",2020-01-01,,True,,,
SGH,HNX,5753,Khách sạn,2020-01-01,,True,,,
SHE,HNX,3722,Đồ gia dụng lâu bền,2020-01-01,,True,,,
SHN,HNX,1771,Khai thác Than,2020-01-01,,True,,,
SHS,HNX,8777,Môi giới chứng khoán,2020-01-01,,True,,,
SJ1,HNX,3573,Nuôi trồng nông & hải sản,2020-01-01,,True,,,
SJE,HNX,2357,Xây dựng,2020-01-01,,True,,,
SLS,HNX,3577,Thực phẩm,2020-01-01,,True,,,
SMN,HNX,5557,"Sách, ấn bản & sản phẩm văn hóa",2020-01-01,,True,,,
SMT,HNX,9578,Thiết bị viễn thông,2020-01-01,,True,,,
SPC,HNX,1357,"Sản phẩm hóa dầu, Nông dược & Hóa chất khác",2020-01-01,,True,,,
SRA,HNX,4535,Thiết bị y tế,2020-01-01,,True,,,
SSM,HNX,1757,Thép và sản phẩm thép,2020-01-01,,True,,,
STC,HNX,5557,"Sách, ấn bản & sản phẩm văn hóa",2020-01-01,,True,,,
STP,HNX,2723,Containers & Đóng gói,2020-01-01,,True,,,
SVN,HNX,2357,Xây dựng,2020-01-01,,True,,,
SZB,HNX,8633,Bất động sản,2020-01-01,,True,,,
TA9,HNX,2357,Xây dựng,2020-01-01,,True,,,
TD6,HNX,1771,Khai thác Than,2020-01-01,,True,,,
TDT,HNX,3763,Hàng May mặc,2020-01-01,,True,,,
TET,HNX,3763,Hàng May mặc,2020-01-01,,True,,,
TFC,HNX,3577,Thực phẩm,2020-01-01,,True,,,
THB,HNX,3533,Sản xuất bia,2020-01-01,,True,,,
THD,HNX,8637,"Tư Vấn, Định giá, Môi giới Bất động sản",2020-01-01,,True,,,
THS,HNX,5373,Bán lẻ phức hợp,2020-01-01,,True,,,
THT,HNX,1771,Khai thác Than,2020-01-01,,True,,,
TIG,HNX,8633,Bất động sản,2020-01-01,,True,,,
TJC,HNX,2779,Dịch vụ vận tải,2020-01-01,,True,,,
TKU,HNX,1753,Nhôm,2020-01-01,,True,,,
TMB,HNX,1771,Khai thác Than,2020-01-01,,True,,,
TMC,HNX,7573,Phân phối xăng dầu & khí đốt,2020-01-01,,True,,,
TMX,HNX,2353,Vật liệu xây dựng & Nội thất,2020-01-01,,True,,,
TNG,HNX,3763,Hàng May mặc,2020-01-01,,True,,,
TOT,HNX,2779,Dịch vụ vận tải,2020-01-01,,True,,,
TPP,HNX,2723,Containers & Đóng gói,2020-01-01,,True,,,
TSB,HNX,2733,Hàng điện & điện tử,2020-01-01,,True,,,
TTC,HNX,2353,Vật liệu xây dựng & Nội thất,2020-01-01,,True,,,
TTH,HNX,1757,Thép và sản phẩm thép,2020-01-01,,True,,,
TTL,HNX,2357,Xây dựng,2020-01-01,,True,,,
TTT,HNX,5759,Vận tải hành khách & Du lịch,2020-01-01,,True,,,
TV3,HNX,2791,Tư vấn & Hỗ trợ KD,2020-01-01,,True,,,
TV4,HNX,2791,Tư vấn & Hỗ trợ KD,2020-01-01,,True,,,
TVC,HNX,8775,Tài chính đặc biệt,2020-01-01,,True,,,
TVD,HNX,1771,Khai thác Than,2020-01-01,,True,,,
TXM,HNX,2353,Vật liệu xây dựng & Nội thất,2020-01-01,,True,,,
UNI,HNX,9533,Dịch vụ Máy tính,2020-01-01,,True,,,
V12,HNX,2357,Xây dựng,2020-01-01,,True,,,
V21,HNX,8633,Bất động sản,2020-01-01,,True,,,
VBC,HNX,2723,Containers & Đóng gói,2020-01-01,,True,,,
VC1,HNX,2357,Xây dựng,2020-01-01,,True,,,
VC2,HNX,2357,Xây dựng,2020-01-01,,True,,,
VC3,HNX,8637,"Tư Vấn, Định giá, Môi giới Bất động sản",2020-01-01,,True,,,
VC6,HNX,2357,Xây dựng,2020-01-01,,True,,,
VC7,HNX,2357,Xây dựng,2020-01-01,,True,,,
VC9,HNX,2357,Xây dựng,2020-01-01,,True,,,
VCC,HNX,2357,Xây dựng,2020-01-01,,True,,,
VCM,HNX,2757,Máy công nghiệp,2020-01-01,,True,,,
VCS,HNX,2353,Vật liệu xây dựng & Nội thất,2020-01-01,,True,,,
VDL,HNX,3535,Vang & Rượu mạnh,2020-01-01,,True,,,
VE1,HNX,2357,Xây dựng,2020-01-01,,True,,,
VE3,HNX,2357,Xây dựng,2020-01-01,,True,,,
VE4,HNX,2357,Xây dựng,2020-01-01,,True,,,
VFS,HNX,8777,Môi giới chứng khoán,2020-01-01,,True,,,
VGP,HNX,2777,"Kho bãi, hậu cần và bảo dưỡng",2020-01-01,,True,,,
VGS,HNX,1757,Thép và sản phẩm thép,2020-01-01,,True,,,
VHE,HNX,4577,Dược phẩm,2020-01-01,,True,,,
VHL,HNX,2353,Vật liệu xây dựng & Nội thất,2020-01-01,,True,,,
VIF,HNX,1733,Lâm sản và Chế biến gỗ,2020-01-01,,True,,,
VIG,HNX,8777,Môi giới chứng khoán,2020-01-01,,True,,,
VIT,HNX,2353,Vật liệu xây dựng & Nội thất,2020-01-01,,True,,,
VLA,HNX,9537,Phần mềm,2020-01-01,,True,,,
VMC,HNX,2357,Xây dựng,2020-01-01,,True,,,
VMS,HNX,2777,"Kho bãi, hậu cần và bảo dưỡng",2020-01-01,,True,,,
VNC,HNX,2791,Tư vấn & Hỗ trợ KD,2020-01-01,,True,,,
VNF,HNX,2779,Dịch vụ vận tải,2020-01-01,,True,,,
VNR,HNX,8538,Tái bảo hiểm,2020-01-01,,True,,,
VNT,HNX,2779,Dịch vụ vận tải,2020-01-01,,True,,,
VSA,HNX,2779,Dịch vụ vận tải,2020-01-01,,True,,,
VSM,HNX,2777,"Kho bãi, hậu cần và bảo dưỡng",2020-01-01,,True,,,
VTC,HNX,9578,Thiết bị viễn thông,2020-01-01,,True,,,
VTH,HNX,2733,Hàng điện & điện tử,2020-01-01,,True,,,
VTJ,HNX,3785,Thuốc lá,2020-01-01,,True,,,
VTV,HNX,2353,Vật liệu xây dựng & Nội thất,2020-01-01,,True,,,
VTZ,HNX,1353,"Nhựa, cao su & sợi",2020-01-01,,True,,,
WCS,HNX,2777,"Kho bãi, hậu cần và bảo dưỡng",2020-01-01,,True,,,
WSS,HNX,8777,Môi giới chứng khoán,2020-01-01,,True,,,
X20,HNX,3763,Hàng May mặc,2020-01-01,,True,,,
AAA,HOSE,1353,"Nhựa, cao su & sợi",2020-01-01,,True,,,
AAM,HOSE,3573,Nuôi trồng nông & hải sản,2020-01-01,,True,,,
AAT,HOSE,3763,Hàng May mặc,2020-01-01,,True,,,
ABR,HOSE,2791,Tư vấn & Hỗ trợ KD,2020-01-01,,True,,,
ABS,HOSE,1357,"Sản phẩm hóa dầu, Nông dược & Hóa chất khác",2020-01-01,,True,,,
ABT,HOSE,3573,Nuôi trồng nông & hải sản,2020-01-01,,True,,,
ACB,HOSE,8355,Ngân hàng,2020-01-01,,True,,,
ACC,HOSE,2353,Vật liệu xây dựng & Nội thất,2020-01-01,,True,,,
ACG,HOSE,1733,Lâm sản và Chế biến gỗ,2020-01-01,,True,,,
ACL,HOSE,3573,Nuôi trồng nông & hải sản,2020-01-01,,True,,,
ADG,HOSE,5555,Dịch vụ truyền thông,2020-01-01,,True,,,
ADP,HOSE,2353,Vật liệu xây dựng & Nội thất,2020-01-01,,True,,,
ADS,HOSE,3763,Hàng May mặc,2020-01-01,,True,,,
AFX,HOSE,5337,Phân phối thực phẩm,2020-01-01,,True,,,
AGG,HOSE,8633,Bất động sản,2020-01-01,,True,,,
AGR,HOSE,8777,Môi giới chứng khoán,2020-01-01,,True,,,
ANT,HOSE,3577,Thực phẩm,2020-01-01,,True,,,
ANV,HOSE,3573,Nuôi trồng nông & hải sản,2020-01-01,,True,,,
APG,HOSE,8777,Môi giới chứng khoán,2020-01-01,,True,,,
APH,HOSE,2723,Containers & Đóng gói,2020-01-01,,True,,,
ASG,HOSE,2777,"Kho bãi, hậu cần và bảo dưỡng",2020-01-01,,True,,,
ASM,HOSE,3573,Nuôi trồng nông & hải sản,2020-01-01,,True,,,
ASP,HOSE,7573,Phân phối xăng dầu & khí đốt,2020-01-01,,True,,,
AST,HOSE,5379,Phân phối hàng chuyên dụng,2020-01-01,,True,,,
BAF,HOSE,3573,Nuôi trồng nông & hải sản,2020-01-01,,True,,,
BCE,HOSE,2357,Xây dựng,2020-01-01,,True,,,
BCG,HOSE,8775,Tài chính đặc biệt,2020-01-01,,True,,,
BCM,HOSE,8633,Bất động sản,2020-01-01,,True,,,
BFC,HOSE,1357,"Sản phẩm hóa dầu, Nông dược & Hóa chất khác",2020-01-01,,True,,,
BHN,HOSE,3533,Sản xuất bia,2020-01-01,,True,,,
BIC,HOSE,8536,Bảo hiểm phi nhân thọ,2020-01-01,,True,,,
BID,HOSE,8355,Ngân hàng,2020-01-01,,True,,,
BKG,HOSE,3726,Thiết bị gia dụng,2020-01-01,,True,,,
BMC,HOSE,1775,Khai khoáng,2020-01-01,,True,,,
BMI,HOSE,8536,Bảo hiểm phi nhân thọ,2020-01-01,,True,,,
BMP,HOSE,2353,Vật liệu xây dựng & Nội thất,2020-01-01,,True,,,
BRC,HOSE,1353,"Nhựa, cao su & sợi",2020-01-01,,True,,,
BSI,HOSE,8777,Môi giới chứng khoán,2020-01-01,,True,,,
BSR,HOSE,0533,Sản xuất và Khai thác dầu khí,2020-01-01,,True,,,
BTP,HOSE,7535,Sản xuất & Phân phối Điện,2020-01-01,,True,,,
BTT,HOSE,5373,Bán lẻ phức hợp,2020-01-01,,True,,,
BVH,HOSE,8575,Bảo hiểm nhân thọ,2020-01-01,,True,,,
BWE,HOSE,7577,Nước,2020-01-01,,True,,,
C32,HOSE,2353,Vật liệu xây dựng & Nội thất,2020-01-01,,True,,,
C47,HOSE,2357,Xây dựng,2020-01-01,,True,,,
CCC,HOSE,2357,Xây dựng,2020-01-01,,True,,,
CCI,HOSE,7573,Phân phối xăng dầu & khí đốt,2020-01-01,,True,,,
CCL,HOSE,8633,Bất động sản,2020-01-01,,True,,,
CDC,HOSE,2357,Xây dựng,2020-01-01,,True,,,
CHP,HOSE,7535,Sản xuất & Phân phối Điện,2020-01-01,,True,,,
CIG,HOSE,2357,Xây dựng,2020-01-01,,True,,,
CII,HOSE,2357,Xây dựng,2020-01-01,,True,,,
CKG,HOSE,8633,Bất động sản,2020-01-01,,True,,,
CLC,HOSE,3785,Thuốc lá,2020-01-01,,True,,,
CLL,HOSE,2777,"Kho bãi, hậu cần và bảo dưỡng",2020-01-01,,True,,,
CLW,HOSE,7577,Nước,2020-01-01,,True,,,
CMG,HOSE,9533,Dịch vụ Máy tính,2020-01-01,,True,,,
CMV,HOSE,5373,Bán lẻ phức hợp,2020-01-01,,True,,,
CMX,HOSE,3573,Nuôi trồng nông & hải sản,2020-01-01,,True,,,
CNG,HOSE,7573,Phân phối xăng dầu & khí đốt,2020-01-01,,True,,,
COM,HOSE,5379,Phân phối hàng chuyên dụng,2020-01-01,,True,,,
CRC,HOSE,2353,Vật liệu xây dựng & Nội thất,2020-01-01,,True,,,
CRE,HOSE,8633,Bất động sản,2020-01-01,,True,,,
CRV,HOSE,8633,Bất động sản,2020-01-01,,True,,,
CSM,HOSE,3357,Lốp xe,2020-01-01,,True,,,
CSV,HOSE,1357,"Sản phẩm hóa dầu, Nông dược & Hóa chất khác",2020-01-01,,True,,,
CTD,HOSE,2357,Xây dựng,2020-01-01,,True,,,
CTF,HOSE,3353,Sản xuất ô tô,2020-01-01,,True,,,
CTG,HOSE,8355,Ngân hàng,2020-01-01,,True,,,
CTI,HOSE,2357,Xây dựng,2020-01-01,,True,,,
CTR,HOSE,2357,Xây dựng,2020-01-01,,True,,,
CTS,HOSE,8777,Môi giới chứng khoán,2020-01-01,,True,,,
CVT,HOSE,2353,Vật liệu xây dựng & Nội thất,2020-01-01,,True,,,
D2D,HOSE,8633,Bất động sản,2020-01-01,,True,,,
DAH,HOSE,5753,Khách sạn,2020-01-01,,True,,,
DAT,HOSE,3573,Nuôi trồng nông & hải sản,2020-01-01,,True,,,
DBC,HOSE,3573,Nuôi trồng nông & hải sản,2020-01-01,,True,,,
DBD,HOSE,4577,Dược phẩm,2020-01-01,,True,,,
DBT,HOSE,4577,Dược phẩm,2020-01-01,,True,,,
DC4,HOSE,2357,Xây dựng,2020-01-01,,True,,,
DCL,HOSE,4577,Dược phẩm,2020-01-01,,True,,,
DCM,HOSE,1357,"Sản phẩm hóa dầu, Nông dược & Hóa chất khác",2020-01-01,,True,,,
DGC,HOSE,1357,"Sản phẩm hóa dầu, Nông dược & Hóa chất khác",2020-01-01,,True,,,
DGW,HOSE,5379,Phân phối hàng chuyên dụng,2020-01-01,,True,,,
DHA,HOSE,2353,Vật liệu xây dựng & Nội thất,2020-01-01,,True,,,
DHC,HOSE,1737,Sản xuất giấy,2020-01-01,,True,,,
DHG,HOSE,4577,Dược phẩm,2020-01-01,,True,,,
DHM,HOSE,1775,Khai khoáng,2020-01-01,,True,,,
DIG,HOSE,8633,Bất động sản,2020-01-01,,True,,,
DLG,HOSE,2357,Xây dựng,2020-01-01,,True,,,
DMC,HOSE,4577,Dược phẩm,2020-01-01,,True,,,
DPG,HOSE,2357,Xây dựng,2020-01-01,,True,,,
DPM,HOSE,1357,"Sản phẩm hóa dầu, Nông dược & Hóa chất khác",2020-01-01,,True,,,
DPR,HOSE,1353,"Nhựa, cao su & sợi",2020-01-01,,True,,,
DQC,HOSE,3726,Thiết bị gia dụng,2020-01-01,,True,,,
DRC,HOSE,3357,Lốp xe,2020-01-01,,True,,,
DRH,HOSE,8633,Bất động sản,2020-01-01,,True,,,
DRL,HOSE,7535,Sản xuất & Phân phối Điện,2020-01-01,,True,,,
DSC,HOSE,8777,Môi giới chứng khoán,2020-01-01,,True,,,
DSE,HOSE,8777,Môi giới chứng khoán,2020-01-01,,True,,,
DSN,HOSE,5755,Dịch vụ giải trí,2020-01-01,,True,,,
DTA,HOSE,8633,Bất động sản,2020-01-01,,True,,,
DTL,HOSE,1757,Thép và sản phẩm thép,2020-01-01,,True,,,
DTT,HOSE,1353,"Nhựa, cao su & sợi",2020-01-01,,True,,,
DVP,HOSE,2777,"Kho bãi, hậu cần và bảo dưỡng",2020-01-01,,True,,,
DXG,HOSE,8633,Bất động sản,2020-01-01,,True,,,
DXS,HOSE,8637,"Tư Vấn, Định giá, Môi giới Bất động sản",2020-01-01,,True,,,
DXV,HOSE,2353,Vật liệu xây dựng & Nội thất,2020-01-01,,True,,,
EIB,HOSE,8355,Ngân hàng,2020-01-01,,True,,,
ELC,HOSE,9578,Thiết bị viễn thông,2020-01-01,,True,,,
EVE,HOSE,3763,Hàng May mặc,2020-01-01,,True,,,
EVF,HOSE,8773,Tài chính cá nhân,2020-01-01,,True,,,
EVG,HOSE,2357,Xây dựng,2020-01-01,,True,,,
FCM,HOSE,2353,Vật liệu xây dựng & Nội thất,2020-01-01,,True,,,
FCN,HOSE,2357,Xây dựng,2020-01-01,,True,,,
FDC,HOSE,8633,Bất động sản,2020-01-01,,True,,,
FIR,HOSE,8633,Bất động sản,2020-01-01,,True,,,
FIT,HOSE,4577,Dược phẩm,2020-01-01,,True,,,
FMC,HOSE,3573,Nuôi trồng nông & hải sản,2020-01-01,,True,,,
FPT,HOSE,9537,Phần mềm,2020-01-01,,True,,,
FRT,HOSE,5379,Phân phối hàng chuyên dụng,2020-01-01,,True,,,
FTS,HOSE,8777,Môi giới chứng khoán,2020-01-01,,True,,,
GAS,HOSE,7573,Phân phối xăng dầu & khí đốt,2020-01-01,,True,,,
GDT,HOSE,3726,Thiết bị gia dụng,2020-01-01,,True,,,
GEE,HOSE,2737,Thiết bị điện,2020-01-01,,True,,,
GEG,HOSE,7535,Sản xuất & Phân phối Điện,2020-01-01,,True,,,
GEL,HOSE,2353,Vật liệu xây dựng & Nội thất,2020-01-01,,True,,,
GEX,HOSE,2737,Thiết bị điện,2020-01-01,,True,,,
GHC,HOSE,7535,Sản xuất & Phân phối Điện,2020-01-01,,True,,,
GIL,HOSE,3763,Hàng May mặc,2020-01-01,,True,,,
GMD,HOSE,2777,"Kho bãi, hậu cần và bảo dưỡng",2020-01-01,,True,,,
GMH,HOSE,2353,Vật liệu xây dựng & Nội thất,2020-01-01,,True,,,
GSP,HOSE,2773,Vận tải Thủy,2020-01-01,,True,,,
GTA,HOSE,1733,Lâm sản và Chế biến gỗ,2020-01-01,,True,,,
GVR,HOSE,1353,"Nhựa, cao su & sợi",2020-01-01,,True,,,
HAG,HOSE,3573,Nuôi trồng nông & hải sản,2020-01-01,,True,,,
HAH,HOSE,2777,"Kho bãi, hậu cần và bảo dưỡng",2020-01-01,,True,,,
HAP,HOSE,1737,Sản xuất giấy,2020-01-01,,True,,,
HAR,HOSE,8633,Bất động sản,2020-01-01,,True,,,
HAS,HOSE,2357,Xây dựng,2020-01-01,,True,,,
HAX,HOSE,3353,Sản xuất ô tô,2020-01-01,,True,,,
HCD,HOSE,1353,"Nhựa, cao su & sợi",2020-01-01,,True,,,
HCM,HOSE,8777,Môi giới chứng khoán,2020-01-01,,True,,,
HDB,HOSE,8355,Ngân hàng,2020-01-01,,True,,,
HDC,HOSE,8633,Bất động sản,2020-01-01,,True,,,
HDG,HOSE,8633,Bất động sản,2020-01-01,,True,,,
HHP,HOSE,1737,Sản xuất giấy,2020-01-01,,True,,,
HHS,HOSE,3353,Sản xuất ô tô,2020-01-01,,True,,,
HHV,HOSE,2357,Xây dựng,2020-01-01,,True,,,
HID,HOSE,2357,Xây dựng,2020-01-01,,True,,,
HII,HOSE,1353,"Nhựa, cao su & sợi",2020-01-01,,True,,,
HMC,HOSE,1757,Thép và sản phẩm thép,2020-01-01,,True,,,
HNA,HOSE,7535,Sản xuất & Phân phối Điện,2020-01-01,,True,,,
HPA,HOSE,3573,Nuôi trồng nông & hải sản,2020-01-01,,True,,,
HPG,HOSE,1757,Thép và sản phẩm thép,2020-01-01,,True,,,
HPX,HOSE,8633,Bất động sản,2020-01-01,,True,,,
HQC,HOSE,8633,Bất động sản,2020-01-01,,True,,,
HRC,HOSE,1353,"Nhựa, cao su & sợi",2020-01-01,,True,,,
HSG,HOSE,1757,Thép và sản phẩm thép,2020-01-01,,True,,,
HSL,HOSE,3577,Thực phẩm,2020-01-01,,True,,,
HT1,HOSE,2353,Vật liệu xây dựng & Nội thất,2020-01-01,,True,,,
HTG,HOSE,3763,Hàng May mặc,2020-01-01,,True,,,
HTI,HOSE,2357,Xây dựng,2020-01-01,,True,,,
HTL,HOSE,3353,Sản xuất ô tô,2020-01-01,,True,,,
HTN,HOSE,8633,Bất động sản,2020-01-01,,True,,,
HTV,HOSE,2773,Vận tải Thủy,2020-01-01,,True,,,
HU1,HOSE,2357,Xây dựng,2020-01-01,,True,,,
HUB,HOSE,2357,Xây dựng,2020-01-01,,True,,,
HVH,HOSE,2357,Xây dựng,2020-01-01,,True,,,
HVN,HOSE,5751,Hàng không,2020-01-01,,True,,,
ICT,HOSE,9537,Phần mềm,2020-01-01,,True,,,
IDI,HOSE,3573,Nuôi trồng nông & hải sản,2020-01-01,,True,,,
IJC,HOSE,8633,Bất động sản,2020-01-01,,True,,,
ILB,HOSE,2777,"Kho bãi, hậu cần và bảo dưỡng",2020-01-01,,True,,,
IMP,HOSE,4577,Dược phẩm,2020-01-01,,True,,,
ITC,HOSE,8633,Bất động sản,2020-01-01,,True,,,
ITD,HOSE,9537,Phần mềm,2020-01-01,,True,,,
JVC,HOSE,4535,Thiết bị y tế,2020-01-01,,True,,,
KBC,HOSE,8633,Bất động sản,2020-01-01,,True,,,
KDC,HOSE,3577,Thực phẩm,2020-01-01,,True,,,
KDH,HOSE,8633,Bất động sản,2020-01-01,,True,,,
KHG,HOSE,8633,Bất động sản,2020-01-01,,True,,,
KHP,HOSE,7535,Sản xuất & Phân phối Điện,2020-01-01,,True,,,
KLB,HOSE,8355,Ngân hàng,2020-01-01,,True,,,
KMR,HOSE,3763,Hàng May mặc,2020-01-01,,True,,,
KOS,HOSE,8633,Bất động sản,2020-01-01,,True,,,
KSB,HOSE,2353,Vật liệu xây dựng & Nội thất,2020-01-01,,True,,,
L10,HOSE,2757,Máy công nghiệp,2020-01-01,,True,,,
LAF,HOSE,3577,Thực phẩm,2020-01-01,,True,,,
LBM,HOSE,2353,Vật liệu xây dựng & Nội thất,2020-01-01,,True,,,
LCG,HOSE,2357,Xây dựng,2020-01-01,,True,,,
LDG,HOSE,8633,Bất động sản,2020-01-01,,True,,,
LGC,HOSE,2357,Xây dựng,2020-01-01,,True,,,
LGL,HOSE,8633,Bất động sản,2020-01-01,,True,,,
LHG,HOSE,8633,Bất động sản,2020-01-01,,True,,,
LIX,HOSE,3767,Hàng cá nhân,2020-01-01,,True,,,
LM8,HOSE,2357,Xây dựng,2020-01-01,,True,,,
LPB,HOSE,8355,Ngân hàng,2020-01-01,,True,,,
LSS,HOSE,3577,Thực phẩm,2020-01-01,,True,,,
MBB,HOSE,8355,Ngân hàng,2020-01-01,,True,,,
MCH,HOSE,3577,Thực phẩm,2020-01-01,,True,,,
MCM,HOSE,3577,Thực phẩm,2020-01-01,,True,,,
MCP,HOSE,2723,Containers & Đóng gói,2020-01-01,,True,,,
MDG,HOSE,2353,Vật liệu xây dựng & Nội thất,2020-01-01,,True,,,
MHC,HOSE,2779,Dịch vụ vận tải,2020-01-01,,True,,,
MIG,HOSE,8536,Bảo hiểm phi nhân thọ,2020-01-01,,True,,,
MSB,HOSE,8355,Ngân hàng,2020-01-01,,True,,,
MSH,HOSE,3763,Hàng May mặc,2020-01-01,,True,,,
MSN,HOSE,3577,Thực phẩm,2020-01-01,,True,,,
MWG,HOSE,5379,Phân phối hàng chuyên dụng,2020-01-01,,True,,,
NAB,HOSE,8355,Ngân hàng,2020-01-01,,True,,,
NAF,HOSE,3537,Đồ uống & giải khát,2020-01-01,,True,,,
NAV,HOSE,2353,Vật liệu xây dựng & Nội thất,2020-01-01,,True,,,
NBB,HOSE,8633,Bất động sản,2020-01-01,,True,,,
NCT,HOSE,2777,"Kho bãi, hậu cần và bảo dưỡng",2020-01-01,,True,,,
NHA,HOSE,2357,Xây dựng,2020-01-01,,True,,,
NHH,HOSE,1353,"Nhựa, cao su & sợi",2020-01-01,,True,,,
NHT,HOSE,3747,Đồ chơi,2020-01-01,,True,,,
NKG,HOSE,1757,Thép và sản phẩm thép,2020-01-01,,True,,,
NLG,HOSE,8633,Bất động sản,2020-01-01,,True,,,
NNC,HOSE,2353,Vật liệu xây dựng & Nội thất,2020-01-01,,True,,,
NO1,HOSE,2757,Máy công nghiệp,2020-01-01,,True,,,
NSC,HOSE,3573,Nuôi trồng nông & hải sản,2020-01-01,,True,,,
NT2,HOSE,7535,Sản xuất & Phân phối Điện,2020-01-01,,True,,,
NTC,HOSE,8633,Bất động sản,2020-01-01,,True,,,
NTL,HOSE,8633,Bất động sản,2020-01-01,,True,,,
NVL,HOSE,8633,Bất động sản,2020-01-01,,True,,,
NVT,HOSE,8633,Bất động sản,2020-01-01,,True,,,
OCB,HOSE,8355,Ngân hàng,2020-01-01,,True,,,
OGC,HOSE,8775,Tài chính đặc biệt,2020-01-01,,True,,,
OPC,HOSE,4577,Dược phẩm,2020-01-01,,True,,,
ORS,HOSE,8777,Môi giới chứng khoán,2020-01-01,,True,,,
PAC,HOSE,2733,Hàng điện & điện tử,2020-01-01,,True,,,
PAN,HOSE,3577,Thực phẩm,2020-01-01,,True,,,
PC1,HOSE,2357,Xây dựng,2020-01-01,,True,,,
PDN,HOSE,2777,"Kho bãi, hậu cần và bảo dưỡng",2020-01-01,,True,,,
PDR,HOSE,8633,Bất động sản,2020-01-01,,True,,,
PDV,HOSE,2773,Vận tải Thủy,2020-01-01,,True,,,
PET,HOSE,5379,Phân phối hàng chuyên dụng,2020-01-01,,True,,,
PGC,HOSE,7573,Phân phối xăng dầu & khí đốt,2020-01-01,,True,,,
PGD,HOSE,7573,Phân phối xăng dầu & khí đốt,2020-01-01,,True,,,
PGI,HOSE,8536,Bảo hiểm phi nhân thọ,2020-01-01,,True,,,
PGV,HOSE,7535,Sản xuất & Phân phối Điện,2020-01-01,,True,,,
PHC,HOSE,2357,Xây dựng,2020-01-01,,True,,,
PHR,HOSE,1353,"Nhựa, cao su & sợi",2020-01-01,,True,,,
PIT,HOSE,5373,Bán lẻ phức hợp,2020-01-01,,True,,,
PJT,HOSE,2773,Vận tải Thủy,2020-01-01,,True,,,
PLP,HOSE,1353,"Nhựa, cao su & sợi",2020-01-01,,True,,,
PLX,HOSE,0533,Sản xuất và Khai thác dầu khí,2020-01-01,,True,,,
PMG,HOSE,7573,Phân phối xăng dầu & khí đốt,2020-01-01,,True,,,
PNC,HOSE,5557,"Sách, ấn bản & sản phẩm văn hóa",2020-01-01,,True,,,
PNJ,HOSE,3767,Hàng cá nhân,2020-01-01,,True,,,
POW,HOSE,7535,Sản xuất & Phân phối Điện,2020-01-01,,True,,,
PPC,HOSE,7535,Sản xuất & Phân phối Điện,2020-01-01,,True,,,
PTB,HOSE,1733,Lâm sản và Chế biến gỗ,2020-01-01,,True,,,
PTC,HOSE,2357,Xây dựng,2020-01-01,,True,,,
PTL,HOSE,8633,Bất động sản,2020-01-01,,True,,,
PVD,HOSE,0573,Thiết bị và Dịch vụ Dầu khí,2020-01-01,,True,,,
PVP,HOSE,2779,Dịch vụ vận tải,2020-01-01,,True,,,
PVT,HOSE,2773,Vận tải Thủy,2020-01-01,,True,,,
QCG,HOSE,8633,Bất động sản,2020-01-01,,True,,,
QNP,HOSE,2777,"Kho bãi, hậu cần và bảo dưỡng",2020-01-01,,True,,,
RAL,HOSE,3726,Thiết bị gia dụng,2020-01-01,,True,,,
REE,HOSE,7535,Sản xuất & Phân phối Điện,2020-01-01,,True,,,
RYG,HOSE,2353,Vật liệu xây dựng & Nội thất,2020-01-01,,True,,,
S4A,HOSE,7535,Sản xuất & Phân phối Điện,2020-01-01,,True,,,
SAB,HOSE,3533,Sản xuất bia,2020-01-01,,True,,,
SAM,HOSE,9578,Thiết bị viễn thông,2020-01-01,,True,,,
SAV,HOSE,1733,Lâm sản và Chế biến gỗ,2020-01-01,,True,,,
SBA,HOSE,7535,Sản xuất & Phân phối Điện,2020-01-01,,True,,,
SBG,HOSE,2727,Công nghiệp phức hợp,2020-01-01,,True,,,
SBT,HOSE,3577,Thực phẩm,2020-01-01,,True,,,
SBV,HOSE,5379,Phân phối hàng chuyên dụng,2020-01-01,,True,,,
SC5,HOSE,2357,Xây dựng,2020-01-01,,True,,,
SCR,HOSE,8633,Bất động sản,2020-01-01,,True,,,
SCS,HOSE,5751,Hàng không,2020-01-01,,True,,,
SFC,HOSE,7573,Phân phối xăng dầu & khí đốt,2020-01-01,,True,,,
SFG,HOSE,1357,"Sản phẩm hóa dầu, Nông dược & Hóa chất khác",2020-01-01,,True,,,
SFI,HOSE,2773,Vận tải Thủy,2020-01-01,,True,,,
SGN,HOSE,2777,"Kho bãi, hậu cần và bảo dưỡng",2020-01-01,,True,,,
SGR,HOSE,8633,Bất động sản,2020-01-01,,True,,,
SGT,HOSE,9535,Internet,2020-01-01,,True,,,
SHA,HOSE,1757,Thép và sản phẩm thép,2020-01-01,,True,,,
SHB,HOSE,8355,Ngân hàng,2020-01-01,,True,,,
SHI,HOSE,1757,Thép và sản phẩm thép,2020-01-01,,True,,,
SHP,HOSE,7535,Sản xuất & Phân phối Điện,2020-01-01,,True,,,
SIP,HOSE,8633,Bất động sản,2020-01-01,,True,,,
SJD,HOSE,7535,Sản xuất & Phân phối Điện,2020-01-01,,True,,,
SJS,HOSE,8633,Bất động sản,2020-01-01,,True,,,
SKG,HOSE,5759,Vận tải hành khách & Du lịch,2020-01-01,,True,,,
SMA,HOSE,7535,Sản xuất & Phân phối Điện,2020-01-01,,True,,,
SMB,HOSE,3533,Sản xuất bia,2020-01-01,,True,,,
SMC,HOSE,1757,Thép và sản phẩm thép,2020-01-01,,True,,,
SPM,HOSE,4577,Dược phẩm,2020-01-01,,True,,,
SRC,HOSE,3357,Lốp xe,2020-01-01,,True,,,
SRF,HOSE,2757,Máy công nghiệp,2020-01-01,,True,,,
SSB,HOSE,8355,Ngân hàng,2020-01-01,,True,,,
SSC,HOSE,3573,Nuôi trồng nông & hải sản,2020-01-01,,True,,,
SSI,HOSE,8777,Môi giới chứng khoán,2020-01-01,,True,,,
ST8,HOSE,9574,Thiết bị văn phòng,2020-01-01,,True,,,
STB,HOSE,8355,Ngân hàng,2020-01-01,,True,,,
STG,HOSE,2777,"Kho bãi, hậu cần và bảo dưỡng",2020-01-01,,True,,,
STK,HOSE,3763,Hàng May mặc,2020-01-01,,True,,,
SVC,HOSE,3353,Sản xuất ô tô,2020-01-01,,True,,,
SVD,HOSE,3763,Hàng May mặc,2020-01-01,,True,,,
SVT,HOSE,5377,Dịch vụ tiêu dùng chuyên ngành,2020-01-01,,True,,,
SZC,HOSE,8633,Bất động sản,2020-01-01,,True,,,
SZL,HOSE,8633,Bất động sản,2020-01-01,,True,,,
TAL,HOSE,8633,Bất động sản,2020-01-01,,True,,,
TBC,HOSE,7535,Sản xuất & Phân phối Điện,2020-01-01,,True,,,
TCB,HOSE,8355,Ngân hàng,2020-01-01,,True,,,
TCD,HOSE,2357,Xây dựng,2020-01-01,,True,,,
TCH,HOSE,8633,Bất động sản,2020-01-01,,True,,,
TCI,HOSE,8777,Môi giới chứng khoán,2020-01-01,,True,,,
TCL,HOSE,2779,Dịch vụ vận tải,2020-01-01,,True,,,
TCM,HOSE,3763,Hàng May mặc,2020-01-01,,True,,,
TCO,HOSE,3573,Nuôi trồng nông & hải sản,2020-01-01,,True,,,
TCR,HOSE,2353,Vật liệu xây dựng & Nội thất,2020-01-01,,True,,,
TCT,HOSE,5759,Vận tải hành khách & Du lịch,2020-01-01,,True,,,
TCX,HOSE,8777,Môi giới chứng khoán,2020-01-01,,True,,,
TDC,HOSE,8637,"Tư Vấn, Định giá, Môi giới Bất động sản",2020-01-01,,True,,,
TDG,HOSE,7573,Phân phối xăng dầu & khí đốt,2020-01-01,,True,,,
TDH,HOSE,8633,Bất động sản,2020-01-01,,True,,,
TDM,HOSE,7577,Nước,2020-01-01,,True,,,
TDP,HOSE,2723,Containers & Đóng gói,2020-01-01,,True,,,
TDW,HOSE,7577,Nước,2020-01-01,,True,,,
TEG,HOSE,8633,Bất động sản,2020-01-01,,True,,,
THG,HOSE,2353,Vật liệu xây dựng & Nội thất,2020-01-01,,True,,,
TIP,HOSE,8633,Bất động sản,2020-01-01,,True,,,
TIX,HOSE,8633,Bất động sản,2020-01-01,,True,,,
TLD,HOSE,2353,Vật liệu xây dựng & Nội thất,2020-01-01,,True,,,
TLG,HOSE,3724,Đồ gia dụng một lần,2020-01-01,,True,,,
TLH,HOSE,1757,Thép và sản phẩm thép,2020-01-01,,True,,,
TMP,HOSE,7535,Sản xuất & Phân phối Điện,2020-01-01,,True,,,
TMS,HOSE,2777,"Kho bãi, hậu cần và bảo dưỡng",2020-01-01,,True,,,
TMT,HOSE,3353,Sản xuất ô tô,2020-01-01,,True,,,
TN1,HOSE,8633,Bất động sản,2020-01-01,,True,,,
TNC,HOSE,1353,"Nhựa, cao su & sợi",2020-01-01,,True,,,
TNH,HOSE,4533,Chăm sóc y tế,2020-01-01,,True,,,
TNI,HOSE,1757,Thép và sản phẩm thép,2020-01-01,,True,,,
TNT,HOSE,2353,Vật liệu xây dựng & Nội thất,2020-01-01,,True,,,
TPB,HOSE,8355,Ngân hàng,2020-01-01,,True,,,
TPC,HOSE,1353,"Nhựa, cao su & sợi",2020-01-01,,True,,,
TRA,HOSE,4577,Dược phẩm,2020-01-01,,True,,,
TRC,HOSE,1353,"Nhựa, cao su & sợi",2020-01-01,,True,,,
TSA,HOSE,2357,Xây dựng,2020-01-01,,True,,,
TSC,HOSE,1357,"Sản phẩm hóa dầu, Nông dược & Hóa chất khác",2020-01-01,,True,,,
TTA,HOSE,7535,Sản xuất & Phân phối Điện,2020-01-01,,True,,,
TTE,HOSE,7535,Sản xuất & Phân phối Điện,2020-01-01,,True,,,
TTF,HOSE,1733,Lâm sản và Chế biến gỗ,2020-01-01,,True,,,
TV2,HOSE,2791,Tư vấn & Hỗ trợ KD,2020-01-01,,True,,,
TVB,HOSE,8777,Môi giới chứng khoán,2020-01-01,,True,,,
TVS,HOSE,8777,Môi giới chứng khoán,2020-01-01,,True,,,
TVT,HOSE,3763,Hàng May mặc,2020-01-01,,True,,,
TYA,HOSE,2733,Hàng điện & điện tử,2020-01-01,,True,,,
UIC,HOSE,7535,Sản xuất & Phân phối Điện,2020-01-01,,True,,,
VAB,HOSE,8355,Ngân hàng,2020-01-01,,True,,,
VCA,HOSE,1757,Thép và sản phẩm thép,2020-01-01,,True,,,
VCB,HOSE,8355,Ngân hàng,2020-01-01,,True,,,
VCF,HOSE,3537,Đồ uống & giải khát,2020-01-01,,True,,,
VCG,HOSE,2357,Xây dựng,2020-01-01,,True,,,
VCI,HOSE,8777,Môi giới chứng khoán,2020-01-01,,True,,,
VCK,HOSE,8777,Môi giới chứng khoán,2020-01-01,,True,,,
VDP,HOSE,4577,Dược phẩm,2020-01-01,,True,,,
VDS,HOSE,8777,Môi giới chứng khoán,2020-01-01,,True,,,
VFG,HOSE,1357,"Sản phẩm hóa dầu, Nông dược & Hóa chất khác",2020-01-01,,True,,,
VGC,HOSE,2353,Vật liệu xây dựng & Nội thất,2020-01-01,,True,,,
VHC,HOSE,3573,Nuôi trồng nông & hải sản,2020-01-01,,True,,,
VHM,HOSE,8633,Bất động sản,2020-01-01,,True,,,
VIB,HOSE,8355,Ngân hàng,2020-01-01,,True,,,
VIC,HOSE,8633,Bất động sản,2020-01-01,,True,,,
VID,HOSE,1737,Sản xuất giấy,2020-01-01,,True,,,
VIP,HOSE,2773,Vận tải Thủy,2020-01-01,,True,,,
VIX,HOSE,8777,Môi giới chứng khoán,2020-01-01,,True,,,
VJC,HOSE,5751,Hàng không,2020-01-01,,True,,,
VMD,HOSE,4577,Dược phẩm,2020-01-01,,True,,,
VND,HOSE,8777,Môi giới chứng khoán,2020-01-01,,True,,,
VNE,HOSE,2357,Xây dựng,2020-01-01,,True,,,
VNG,HOSE,5753,Khách sạn,2020-01-01,,True,,,
VNL,HOSE,2779,Dịch vụ vận tải,2020-01-01,,True,,,
VNM,HOSE,3577,Thực phẩm,2020-01-01,,True,,,
VNS,HOSE,5759,Vận tải hành khách & Du lịch,2020-01-01,,True,,,
VOS,HOSE,2773,Vận tải Thủy,2020-01-01,,True,,,
VPB,HOSE,8355,Ngân hàng,2020-01-01,,True,,,
VPD,HOSE,7535,Sản xuất & Phân phối Điện,2020-01-01,,True,,,
VPG,HOSE,1775,Khai khoáng,2020-01-01,,True,,,
VPH,HOSE,8633,Bất động sản,2020-01-01,,True,,,
VPI,HOSE,8633,Bất động sản,2020-01-01,,True,,,
VPL,HOSE,5755,Dịch vụ giải trí,2020-01-01,,True,,,
VPS,HOSE,1357,"Sản phẩm hóa dầu, Nông dược & Hóa chất khác",2020-01-01,,True,,,
VPX,HOSE,8777,Môi giới chứng khoán,2020-01-01,,True,,,
VRC,HOSE,8633,Bất động sản,2020-01-01,,True,,,
VRE,HOSE,8633,Bất động sản,2020-01-01,,True,,,
VSC,HOSE,2777,"Kho bãi, hậu cần và bảo dưỡng",2020-01-01,,True,,,
VSH,HOSE,7535,Sản xuất & Phân phối Điện,2020-01-01,,True,,,
VSI,HOSE,2357,Xây dựng,2020-01-01,,True,,,
VTB,HOSE,2733,Hàng điện & điện tử,2020-01-01,,True,,,
VTO,HOSE,2773,Vận tải Thủy,2020-01-01,,True,,,
VTP,HOSE,2771,Chuyển phát nhanh,2020-01-01,,True,,,
VVS,HOSE,3353,Sản xuất ô tô,2020-01-01,,True,,,
YBM,HOSE,1775,Khai khoáng,2020-01-01,,True,,,
YEG,HOSE,5553,Giải trí & Truyền thông,2020-01-01,,True,,,
A32,UPCOM,3765,Giầy dép,2020-01-01,,True,,,
AAH,UPCOM,1771,Khai thác Than,2020-01-01,,True,,,
AAS,UPCOM,8777,Môi giới chứng khoán,2020-01-01,,True,,,
ABB,UPCOM,8355,Ngân hàng,2020-01-01,,True,,,
ABC,UPCOM,6575,Viễn thông di động,2020-01-01,,True,,,
ABI,UPCOM,8536,Bảo hiểm phi nhân thọ,2020-01-01,,True,,,
ABW,UPCOM,8777,Môi giới chứng khoán,2020-01-01,,True,,,
ACE,UPCOM,2353,Vật liệu xây dựng & Nội thất,2020-01-01,,True,,,
ACM,UPCOM,1775,Khai khoáng,2020-01-01,,True,,,
ACS,UPCOM,2357,Xây dựng,2020-01-01,,True,,,
ACV,UPCOM,2777,"Kho bãi, hậu cần và bảo dưỡng",2020-01-01,,True,,,
AG1,UPCOM,3763,Hàng May mặc,2020-01-01,,True,,,
AGF,UPCOM,3573,Nuôi trồng nông & hải sản,2020-01-01,,True,,,
AGM,UPCOM,3577,Thực phẩm,2020-01-01,,True,,,
AGP,UPCOM,4577,Dược phẩm,2020-01-01,,True,,,
AGX,UPCOM,5337,Phân phối thực phẩm,2020-01-01,,True,,,
AIC,UPCOM,8536,Bảo hiểm phi nhân thọ,2020-01-01,,True,,,
AIG,UPCOM,3577,Thực phẩm,2020-01-01,,True,,,
ALC,UPCOM,2773,Vận tải Thủy,2020-01-01,,True,,,
ALV,UPCOM,2357,Xây dựng,2020-01-01,,True,,,
AMP,UPCOM,4577,Dược phẩm,2020-01-01,,True,,,
AMS,UPCOM,2797,Nhà cung cấp thiết bị,2020-01-01,,True,,,
APC,UPCOM,4573,Công nghệ sinh học,2020-01-01,,True,,,
APF,UPCOM,3577,Thực phẩm,2020-01-01,,True,,,
APL,UPCOM,2757,Máy công nghiệp,2020-01-01,,True,,,
APP,UPCOM,1357,"Sản phẩm hóa dầu, Nông dược & Hóa chất khác",2020-01-01,,True,,,
APT,UPCOM,3573,Nuôi trồng nông & hải sản,2020-01-01,,True,,,
ART,UPCOM,8777,Môi giới chứng khoán,2020-01-01,,True,,,
ATA,UPCOM,3573,Nuôi trồng nông & hải sản,2020-01-01,,True,,,
ATG,UPCOM,1775,Khai khoáng,2020-01-01,,True,,,
AVC,UPCOM,7535,Sản xuất & Phân phối Điện,2020-01-01,,True,,,
AVG,UPCOM,1357,"Sản phẩm hóa dầu, Nông dược & Hóa chất khác",2020-01-01,,True,,,
BAL,UPCOM,2723,Containers & Đóng gói,2020-01-01,,True,,,
BBH,UPCOM,2723,Containers & Đóng gói,2020-01-01,,True,,,
BBM,UPCOM,3533,Sản xuất bia,2020-01-01,,True,,,
BBT,UPCOM,3767,Hàng cá nhân,2020-01-01,,True,,,
BCA,UPCOM,1757,Thép và sản phẩm thép,2020-01-01,,True,,,
BCB,UPCOM,1771,Khai thác Than,2020-01-01,,True,,,
BCP,UPCOM,4577,Dược phẩm,2020-01-01,,True,,,
BCR,UPCOM,2357,Xây dựng,2020-01-01,,True,,,
BCV,UPCOM,5753,Khách sạn,2020-01-01,,True,,,
BDG,UPCOM,3763,Hàng May mặc,2020-01-01,,True,,,
BDT,UPCOM,2353,Vật liệu xây dựng & Nội thất,2020-01-01,,True,,,
BDW,UPCOM,7577,Nước,2020-01-01,,True,,,
BEL,UPCOM,3743,Điện tử tiêu dùng,2020-01-01,,True,,,
BGE,UPCOM,7535,Sản xuất & Phân phối Điện,2020-01-01,,True,,,
BGW,UPCOM,7577,Nước,2020-01-01,,True,,,
BHA,UPCOM,7535,Sản xuất & Phân phối Điện,2020-01-01,,True,,,
BHC,UPCOM,2353,Vật liệu xây dựng & Nội thất,2020-01-01,,True,,,
BHG,UPCOM,3537,Đồ uống & giải khát,2020-01-01,,True,,,
BHH,UPCOM,3533,Sản xuất bia,2020-01-01,,True,,,
BHI,UPCOM,8536,Bảo hiểm phi nhân thọ,2020-01-01,,True,,,
BHK,UPCOM,3533,Sản xuất bia,2020-01-01,,True,,,
BHP,UPCOM,3533,Sản xuất bia,2020-01-01,,True,,,
BIG,UPCOM,3573,Nuôi trồng nông & hải sản,2020-01-01,,True,,,
BIO,UPCOM,4577,Dược phẩm,2020-01-01,,True,,,
BLF,UPCOM,3573,Nuôi trồng nông & hải sản,2020-01-01,,True,,,
BLI,UPCOM,8536,Bảo hiểm phi nhân thọ,2020-01-01,,True,,,
BLN,UPCOM,5759,Vận tải hành khách & Du lịch,2020-01-01,,True,,,
BLT,UPCOM,3577,Thực phẩm,2020-01-01,,True,,,
BMD,UPCOM,2799,Chất thải & Môi trường,2020-01-01,,True,,,
BMF,UPCOM,7573,Phân phối xăng dầu & khí đốt,2020-01-01,,True,,,
BMG,UPCOM,3763,Hàng May mặc,2020-01-01,,True,,,
BMJ,UPCOM,1775,Khai khoáng,2020-01-01,,True,,,
BMK,UPCOM,2353,Vật liệu xây dựng & Nội thất,2020-01-01,,True,,,
BMS,UPCOM,8777,Môi giới chứng khoán,2020-01-01,,True,,,
BMV,UPCOM,3577,Thực phẩm,2020-01-01,,True,,,
BNW,UPCOM,7577,Nước,2020-01-01,,True,,,
BOT,UPCOM,2357,Xây dựng,2020-01-01,,True,,,
BQB,UPCOM,3533,Sản xuất bia,2020-01-01,,True,,,
BQP,UPCOM,1353,"Nhựa, cao su & sợi",2020-01-01,,True,,,
BRR,UPCOM,1353,"Nhựa, cao su & sợi",2020-01-01,,True,,,
BRS,UPCOM,2799,Chất thải & Môi trường,2020-01-01,,True,,,
BSA,UPCOM,7535,Sản xuất & Phân phối Điện,2020-01-01,,True,,,
BSD,UPCOM,3533,Sản xuất bia,2020-01-01,,True,,,
BSG,UPCOM,5759,Vận tải hành khách & Du lịch,2020-01-01,,True,,,
BSH,UPCOM,3533,Sản xuất bia,2020-01-01,,True,,,
BSL,UPCOM,3533,Sản xuất bia,2020-01-01,,True,,,
BSP,UPCOM,3533,Sản xuất bia,2020-01-01,,True,,,
BSQ,UPCOM,3533,Sản xuất bia,2020-01-01,,True,,,
BT1,UPCOM,1357,"Sản phẩm hóa dầu, Nông dược & Hóa chất khác",2020-01-01,,True,,,
BT6,UPCOM,2353,Vật liệu xây dựng & Nội thất,2020-01-01,,True,,,
BTB,UPCOM,3533,Sản xuất bia,2020-01-01,,True,,,
BTD,UPCOM,2353,Vật liệu xây dựng & Nội thất,2020-01-01,,True,,,
BTG,UPCOM,2723,Containers & Đóng gói,2020-01-01,,True,,,
BTH,UPCOM,2737,Thiết bị điện,2020-01-01,,True,,,
BTN,UPCOM,2353,Vật liệu xây dựng & Nội thất,2020-01-01,,True,,,
BTU,UPCOM,2799,Chất thải & Môi trường,2020-01-01,,True,,,
BTV,UPCOM,5759,Vận tải hành khách & Du lịch,2020-01-01,,True,,,
BVB,UPCOM,8355,Ngân hàng,2020-01-01,,True,,,
BVG,UPCOM,1757,Thép và sản phẩm thép,2020-01-01,,True,,,
BVL,UPCOM,8637,"Tư Vấn, Định giá, Môi giới Bất động sản",2020-01-01,,True,,,
BVN,UPCOM,3767,Hàng cá nhân,2020-01-01,,True,,,
BWA,UPCOM,7577,Nước,2020-01-01,,True,,,
BWS,UPCOM,7577,Nước,2020-01-01,,True,,,
C21,UPCOM,8633,Bất động sản,2020-01-01,,True,,,
C22,UPCOM,3577,Thực phẩm,2020-01-01,,True,,,
C4G,UPCOM,2357,Xây dựng,2020-01-01,,True,,,
C92,UPCOM,2357,Xây dựng,2020-01-01,,True,,,
CAD,UPCOM,3573,Nuôi trồng nông & hải sản,2020-01-01,,True,,,
CAT,UPCOM,3573,Nuôi trồng nông & hải sản,2020-01-01,,True,,,
CBI,UPCOM,1757,Thép và sản phẩm thép,2020-01-01,,True,,,
CBS,UPCOM,3577,Thực phẩm,2020-01-01,,True,,,
CC1,UPCOM,2357,Xây dựng,2020-01-01,,True,,,
CCA,UPCOM,3573,Nuôi trồng nông & hải sản,2020-01-01,,True,,,
CCM,UPCOM,2353,Vật liệu xây dựng & Nội thất,2020-01-01,,True,,,
CCP,UPCOM,2777,"Kho bãi, hậu cần và bảo dưỡng",2020-01-01,,True,,,
CCS,UPCOM,8633,Bất động sản,2020-01-01,,True,,,
CCT,UPCOM,2777,"Kho bãi, hậu cần và bảo dưỡng",2020-01-01,,True,,,
CCV,UPCOM,2357,Xây dựng,2020-01-01,,True,,,
CDG,UPCOM,2353,Vật liệu xây dựng & Nội thất,2020-01-01,,True,,,
CDO,UPCOM,2357,Xây dựng,2020-01-01,,True,,,
CDP,UPCOM,4577,Dược phẩm,2020-01-01,,True,,,
CDR,UPCOM,2357,Xây dựng,2020-01-01,,True,,,
CEN,UPCOM,5373,Bán lẻ phức hợp,2020-01-01,,True,,,
CFM,UPCOM,2793,Đào tạo & Việc làm,2020-01-01,,True,,,
CFV,UPCOM,3537,Đồ uống & giải khát,2020-01-01,,True,,,
CGV,UPCOM,2353,Vật liệu xây dựng & Nội thất,2020-01-01,,True,,,
CH5,UPCOM,2357,Xây dựng,2020-01-01,,True,,,
CHC,UPCOM,2353,Vật liệu xây dựng & Nội thất,2020-01-01,,True,,,
CHS,UPCOM,7575,Tiện ích khác,2020-01-01,,True,,,
CI5,UPCOM,2357,Xây dựng,2020-01-01,,True,,,
CID,UPCOM,2357,Xây dựng,2020-01-01,,True,,,
CIP,UPCOM,2357,Xây dựng,2020-01-01,,True,,,
CK8,UPCOM,8633,Bất động sản,2020-01-01,,True,,,
CKA,UPCOM,2757,Máy công nghiệp,2020-01-01,,True,,,
CKD,UPCOM,2757,Máy công nghiệp,2020-01-01,,True,,,
CLI,UPCOM,1755,Kim Loại màu,2020-01-01,,True,,,
CLX,UPCOM,3577,Thực phẩm,2020-01-01,,True,,,
CMD,UPCOM,2353,Vật liệu xây dựng & Nội thất,2020-01-01,,True,,,
CMF,UPCOM,3577,Thực phẩm,2020-01-01,,True,,,
CMI,UPCOM,2353,Vật liệu xây dựng & Nội thất,2020-01-01,,True,,,
CMK,UPCOM,2757,Máy công nghiệp,2020-01-01,,True,,,
CMM,UPCOM,3577,Thực phẩm,2020-01-01,,True,,,
CMN,UPCOM,3577,Thực phẩm,2020-01-01,,True,,,
CMP,UPCOM,2777,"Kho bãi, hậu cần và bảo dưỡng",2020-01-01,,True,,,
CMT,UPCOM,9537,Phần mềm,2020-01-01,,True,,,
CMW,UPCOM,7577,Nước,2020-01-01,,True,,,
CNA,UPCOM,3573,Nuôi trồng nông & hải sản,2020-01-01,,True,,,
CNC,UPCOM,4577,Dược phẩm,2020-01-01,,True,,,
CNN,UPCOM,2357,Xây dựng,2020-01-01,,True,,,
CNT,UPCOM,8633,Bất động sản,2020-01-01,,True,,,
CPA,UPCOM,3537,Đồ uống & giải khát,2020-01-01,,True,,,
CPH,UPCOM,5377,Dịch vụ tiêu dùng chuyên ngành,2020-01-01,,True,,,
CPI,UPCOM,2777,"Kho bãi, hậu cần và bảo dưỡng",2020-01-01,,True,,,
CQN,UPCOM,2777,"Kho bãi, hậu cần và bảo dưỡng",2020-01-01,,True,,,
CQT,UPCOM,2353,Vật liệu xây dựng & Nội thất,2020-01-01,,True,,,
CSI,UPCOM,8777,Môi giới chứng khoán,2020-01-01,,True,,,
CT3,UPCOM,2357,Xây dựng,2020-01-01,,True,,,
CT6,UPCOM,2357,Xây dựng,2020-01-01,,True,,,
CTW,UPCOM,7577,Nước,2020-01-01,,True,,,
CTX,UPCOM,2357,Xây dựng,2020-01-01,,True,,,
CVN,UPCOM,4535,Thiết bị y tế,2020-01-01,,True,,,
CYC,UPCOM,2353,Vật liệu xây dựng & Nội thất,2020-01-01,,True,,,
DAC,UPCOM,2353,Vật liệu xây dựng & Nội thất,2020-01-01,,True,,,
DAG,UPCOM,1353,"Nhựa, cao su & sợi",2020-01-01,,True,,,
DAN,UPCOM,4577,Dược phẩm,2020-01-01,,True,,,
DAS,UPCOM,3353,Sản xuất ô tô,2020-01-01,,True,,,
DBM,UPCOM,4577,Dược phẩm,2020-01-01,,True,,,
DC1,UPCOM,2357,Xây dựng,2020-01-01,,True,,,
DCF,UPCOM,2357,Xây dựng,2020-01-01,,True,,,
DCG,UPCOM,3763,Hàng May mặc,2020-01-01,,True,,,
DCH,UPCOM,8637,"Tư Vấn, Định giá, Môi giới Bất động sản",2020-01-01,,True,,,
DCR,UPCOM,2353,Vật liệu xây dựng & Nội thất,2020-01-01,,True,,,
DCS,UPCOM,3726,Thiết bị gia dụng,2020-01-01,,True,,,
DCT,UPCOM,2353,Vật liệu xây dựng & Nội thất,2020-01-01,,True,,,
DCV,UPCOM,8771,Quản lý tài sản,2020-01-01,,True,,,
DDB,UPCOM,2353,Vật liệu xây dựng & Nội thất,2020-01-01,,True,,,
DDH,UPCOM,2777,"Kho bãi, hậu cần và bảo dưỡng",2020-01-01,,True,,,
DDM,UPCOM,2773,Vận tải Thủy,2020-01-01,,True,,,
DDN,UPCOM,4577,Dược phẩm,2020-01-01,,True,,,
DDV,UPCOM,1357,"Sản phẩm hóa dầu, Nông dược & Hóa chất khác",2020-01-01,,True,,,
DFC,UPCOM,1757,Thép và sản phẩm thép,2020-01-01,,True,,,
DFF,UPCOM,2357,Xây dựng,2020-01-01,,True,,,
DGT,UPCOM,2353,Vật liệu xây dựng & Nội thất,2020-01-01,,True,,,
DHB,UPCOM,1357,"Sản phẩm hóa dầu, Nông dược & Hóa chất khác",2020-01-01,,True,,,
DHD,UPCOM,4577,Dược phẩm,2020-01-01,,True,,,
DHN,UPCOM,4577,Dược phẩm,2020-01-01,,True,,,
DIC,UPCOM,2353,Vật liệu xây dựng & Nội thất,2020-01-01,,True,,,
DID,UPCOM,2353,Vật liệu xây dựng & Nội thất,2020-01-01,,True,,,
DKC,UPCOM,5373,Bán lẻ phức hợp,2020-01-01,,True,,,
DKG,UPCOM,2353,Vật liệu xây dựng & Nội thất,2020-01-01,,True,,,
DLD,UPCOM,5753,Khách sạn,2020-01-01,,True,,,
DLR,UPCOM,2357,Xây dựng,2020-01-01,,True,,,
DLT,UPCOM,5759,Vận tải hành khách & Du lịch,2020-01-01,,True,,,
DM7,UPCOM,3763,Hàng May mặc,2020-01-01,,True,,,
DMN,UPCOM,3573,Nuôi trồng nông & hải sản,2020-01-01,,True,,,
DMS,UPCOM,7573,Phân phối xăng dầu & khí đốt,2020-01-01,,True,,,
DNA,UPCOM,7577,Nước,2020-01-01,,True,,,
DND,UPCOM,2353,Vật liệu xây dựng & Nội thất,2020-01-01,,True,,,
DNE,UPCOM,2799,Chất thải & Môi trường,2020-01-01,,True,,,
DNH,UPCOM,7535,Sản xuất & Phân phối Điện,2020-01-01,,True,,,
DNL,UPCOM,2777,"Kho bãi, hậu cần và bảo dưỡng",2020-01-01,,True,,,
DNM,UPCOM,4537,Dụng cụ y tế,2020-01-01,,True,,,
DNN,UPCOM,7577,Nước,2020-01-01,,True,,,
DNT,UPCOM,5755,Dịch vụ giải trí,2020-01-01,,True,,,
DNW,UPCOM,7577,Nước,2020-01-01,,True,,,
DOC,UPCOM,1357,"Sản phẩm hóa dầu, Nông dược & Hóa chất khác",2020-01-01,,True,,,
DOP,UPCOM,2779,Dịch vụ vận tải,2020-01-01,,True,,,
DP1,UPCOM,4577,Dược phẩm,2020-01-01,,True,,,
DP2,UPCOM,4577,Dược phẩm,2020-01-01,,True,,,
DPC,UPCOM,2723,Containers & Đóng gói,2020-01-01,,True,,,
DPH,UPCOM,4577,Dược phẩm,2020-01-01,,True,,,
DPP,UPCOM,4577,Dược phẩm,2020-01-01,,True,,,
DRG,UPCOM,1353,"Nhựa, cao su & sợi",2020-01-01,,True,,,
DRI,UPCOM,1353,"Nhựa, cao su & sợi",2020-01-01,,True,,,
DSD,UPCOM,5755,Dịch vụ giải trí,2020-01-01,,True,,,
DSG,UPCOM,2353,Vật liệu xây dựng & Nội thất,2020-01-01,,True,,,
DSH,UPCOM,2357,Xây dựng,2020-01-01,,True,,,
DSP,UPCOM,5759,Vận tải hành khách & Du lịch,2020-01-01,,True,,,
DTC,UPCOM,2353,Vật liệu xây dựng & Nội thất,2020-01-01,,True,,,
DTE,UPCOM,7535,Sản xuất & Phân phối Điện,2020-01-01,,True,,,
DTH,UPCOM,4535,Thiết bị y tế,2020-01-01,,True,,,
DTI,UPCOM,5753,Khách sạn,2020-01-01,,True,,,
DTP,UPCOM,4577,Dược phẩm,2020-01-01,,True,,,
DUS,UPCOM,2799,Chất thải & Môi trường,2020-01-01,,True,,,
DVC,UPCOM,7573,Phân phối xăng dầu & khí đốt,2020-01-01,,True,,,
DVG,UPCOM,2353,Vật liệu xây dựng & Nội thất,2020-01-01,,True,,,
DVN,UPCOM,4577,Dược phẩm,2020-01-01,,True,,,
DVT,UPCOM,2793,Đào tạo & Việc làm,2020-01-01,,True,,,
DVW,UPCOM,2357,Xây dựng,2020-01-01,,True,,,
DWC,UPCOM,7577,Nước,2020-01-01,,True,,,
DWS,UPCOM,7577,Nước,2020-01-01,,True,,,
DXL,UPCOM,5753,Khách sạn,2020-01-01,,True,,,
DZM,UPCOM,2757,Máy công nghiệp,2020-01-01,,True,,,
E12,UPCOM,2357,Xây dựng,2020-01-01,,True,,,
E29,UPCOM,2357,Xây dựng,2020-01-01,,True,,,
ECO,UPCOM,1353,"Nhựa, cao su & sợi",2020-01-01,,True,,,
EFI,UPCOM,8633,Bất động sản,2020-01-01,,True,,,
EGL,UPCOM,2799,Chất thải & Môi trường,2020-01-01,,True,,,
EIC,UPCOM,2357,Xây dựng,2020-01-01,,True,,,
EIN,UPCOM,5753,Khách sạn,2020-01-01,,True,,,
EME,UPCOM,2737,Thiết bị điện,2020-01-01,,True,,,
EMG,UPCOM,2737,Thiết bị điện,2020-01-01,,True,,,
EMS,UPCOM,2771,Chuyển phát nhanh,2020-01-01,,True,,,
F88,UPCOM,8773,Tài chính cá nhân,2020-01-01,,True,,,
FBC,UPCOM,2757,Máy công nghiệp,2020-01-01,,True,,,
FCC,UPCOM,8633,Bất động sản,2020-01-01,,True,,,
FCS,UPCOM,3577,Thực phẩm,2020-01-01,,True,,,
FGL,UPCOM,3537,Đồ uống & giải khát,2020-01-01,,True,,,
FHN,UPCOM,5337,Phân phối thực phẩm,2020-01-01,,True,,,
FHS,UPCOM,5557,"Sách, ấn bản & sản phẩm văn hóa",2020-01-01,,True,,,
FIC,UPCOM,2353,Vật liệu xây dựng & Nội thất,2020-01-01,,True,,,
FOC,UPCOM,5555,Dịch vụ truyền thông,2020-01-01,,True,,,
FOX,UPCOM,6535,Viễn thông cố định,2020-01-01,,True,,,
FRC,UPCOM,1733,Lâm sản và Chế biến gỗ,2020-01-01,,True,,,
FRM,UPCOM,1733,Lâm sản và Chế biến gỗ,2020-01-01,,True,,,
FSO,UPCOM,2753,Xe tải & Đóng tàu,2020-01-01,,True,,,
FT1,UPCOM,2757,Máy công nghiệp,2020-01-01,,True,,,
FTI,UPCOM,3355,Phụ tùng ô tô,2020-01-01,,True,,,
FTM,UPCOM,3763,Hàng May mặc,2020-01-01,,True,,,
G20,UPCOM,3763,Hàng May mặc,2020-01-01,,True,,,
G36,UPCOM,2357,Xây dựng,2020-01-01,,True,,,
GCB,UPCOM,7573,Phân phối xăng dầu & khí đốt,2020-01-01,,True,,,
GCF,UPCOM,3577,Thực phẩm,2020-01-01,,True,,,
GDA,UPCOM,1757,Thép và sản phẩm thép,2020-01-01,,True,,,
GER,UPCOM,1353,"Nhựa, cao su & sợi",2020-01-01,,True,,,
GGG,UPCOM,3353,Sản xuất ô tô,2020-01-01,,True,,,
GH3,UPCOM,2357,Xây dựng,2020-01-01,,True,,,
GLC,UPCOM,1777,Khai thác vàng,2020-01-01,,True,,,
GLW,UPCOM,7577,Nước,2020-01-01,,True,,,
GMC,UPCOM,3763,Hàng May mặc,2020-01-01,,True,,,
GND,UPCOM,2353,Vật liệu xây dựng & Nội thất,2020-01-01,,True,,,
GPC,UPCOM,4577,Dược phẩm,2020-01-01,,True,,,
GSM,UPCOM,7535,Sản xuất & Phân phối Điện,2020-01-01,,True,,,
GTD,UPCOM,3765,Giầy dép,2020-01-01,,True,,,
GTS,UPCOM,2357,Xây dựng,2020-01-01,,True,,,
GTT,UPCOM,5755,Dịch vụ giải trí,2020-01-01,,True,,,
GVT,UPCOM,1737,Sản xuất giấy,2020-01-01,,True,,,
H11,UPCOM,2357,Xây dựng,2020-01-01,,True,,,
HAC,UPCOM,8777,Môi giới chứng khoán,2020-01-01,,True,,,
HAF,UPCOM,3577,Thực phẩm,2020-01-01,,True,,,
HAM,UPCOM,2353,Vật liệu xây dựng & Nội thất,2020-01-01,,True,,,
HAN,UPCOM,2357,Xây dựng,2020-01-01,,True,,,
HAV,UPCOM,3535,Vang & Rượu mạnh,2020-01-01,,True,,,
HBC,UPCOM,2357,Xây dựng,2020-01-01,,True,,,
HBD,UPCOM,2723,Containers & Đóng gói,2020-01-01,,True,,,
HBH,UPCOM,3533,Sản xuất bia,2020-01-01,,True,,,
HC1,UPCOM,2357,Xây dựng,2020-01-01,,True,,,
HC3,UPCOM,2357,Xây dựng,2020-01-01,,True,,,
HCI,UPCOM,2357,Xây dựng,2020-01-01,,True,,,
HD2,UPCOM,8633,Bất động sản,2020-01-01,,True,,,
HD6,UPCOM,8633,Bất động sản,2020-01-01,,True,,,
HD8,UPCOM,8633,Bất động sản,2020-01-01,,True,,,
HDM,UPCOM,3763,Hàng May mặc,2020-01-01,,True,,,
HDP,UPCOM,4577,Dược phẩm,2020-01-01,,True,,,
HDW,UPCOM,7577,Nước,2020-01-01,,True,,,
HEC,UPCOM,2791,Tư vấn & Hỗ trợ KD,2020-01-01,,True,,,
HEJ,UPCOM,2357,Xây dựng,2020-01-01,,True,,,
HEP,UPCOM,2799,Chất thải & Môi trường,2020-01-01,,True,,,
HES,UPCOM,5755,Dịch vụ giải trí,2020-01-01,,True,,,
HFB,UPCOM,2357,Xây dựng,2020-01-01,,True,,,
HFC,UPCOM,7573,Phân phối xăng dầu & khí đốt,2020-01-01,,True,,,
HFX,UPCOM,5373,Bán lẻ phức hợp,2020-01-01,,True,,,
HGT,UPCOM,5759,Vận tải hành khách & Du lịch,2020-01-01,,True,,,
HHB,UPCOM,3533,Sản xuất bia,2020-01-01,,True,,,
HHG,UPCOM,5759,Vận tải hành khách & Du lịch,2020-01-01,,True,,,
HHN,UPCOM,2777,"Kho bãi, hậu cần và bảo dưỡng",2020-01-01,,True,,,
HIO,UPCOM,7535,Sản xuất & Phân phối Điện,2020-01-01,,True,,,
HJC,UPCOM,3785,Thuốc lá,2020-01-01,,True,,,
HKB,UPCOM,3577,Thực phẩm,2020-01-01,,True,,,
HLA,UPCOM,1757,Thép và sản phẩm thép,2020-01-01,,True,,,
HLB,UPCOM,3533,Sản xuất bia,2020-01-01,,True,,,
HLO,UPCOM,2733,Hàng điện & điện tử,2020-01-01,,True,,,
HLS,UPCOM,2733,Hàng điện & điện tử,2020-01-01,,True,,,
HLT,UPCOM,3763,Hàng May mặc,2020-01-01,,True,,,
HLY,UPCOM,2353,Vật liệu xây dựng & Nội thất,2020-01-01,,True,,,
HMD,UPCOM,1357,"Sản phẩm hóa dầu, Nông dược & Hóa chất khác",2020-01-01,,True,,,
HMG,UPCOM,1757,Thép và sản phẩm thép,2020-01-01,,True,,,
HMS,UPCOM,2357,Xây dựng,2020-01-01,,True,,,
HNB,UPCOM,2777,"Kho bãi, hậu cần và bảo dưỡng",2020-01-01,,True,,,
HND,UPCOM,7535,Sản xuất & Phân phối Điện,2020-01-01,,True,,,
HNF,UPCOM,3577,Thực phẩm,2020-01-01,,True,,,
HNG,UPCOM,3573,Nuôi trồng nông & hải sản,2020-01-01,,True,,,
HNI,UPCOM,3763,Hàng May mặc,2020-01-01,,True,,,
HNM,UPCOM,3577,Thực phẩm,2020-01-01,,True,,,
HNP,UPCOM,1353,"Nhựa, cao su & sợi",2020-01-01,,True,,,
HNR,UPCOM,3535,Vang & Rượu mạnh,2020-01-01,,True,,,
HOT,UPCOM,5759,Vận tải hành khách & Du lịch,2020-01-01,,True,,,
HPB,UPCOM,2723,Containers & Đóng gói,2020-01-01,,True,,,
HPD,UPCOM,7535,Sản xuất & Phân phối Điện,2020-01-01,,True,,,
HPH,UPCOM,1357,"Sản phẩm hóa dầu, Nông dược & Hóa chất khác",2020-01-01,,True,,,
HPI,UPCOM,8633,Bất động sản,2020-01-01,,True,,,
HPM,UPCOM,1775,Khai khoáng,2020-01-01,,True,,,
HPO,UPCOM,2737,Thiết bị điện,2020-01-01,,True,,,
HPP,UPCOM,2353,Vật liệu xây dựng & Nội thất,2020-01-01,,True,,,
HPT,UPCOM,9537,Phần mềm,2020-01-01,,True,,,
HPW,UPCOM,7577,Nước,2020-01-01,,True,,,
HRB,UPCOM,8633,Bất động sản,2020-01-01,,True,,,
HSA,UPCOM,2791,Tư vấn & Hỗ trợ KD,2020-01-01,,True,,,
HSM,UPCOM,3763,Hàng May mặc,2020-01-01,,True,,,
HSP,UPCOM,2353,Vật liệu xây dựng & Nội thất,2020-01-01,,True,,,
HSV,UPCOM,1757,Thép và sản phẩm thép,2020-01-01,,True,,,
HTE,UPCOM,2737,Thiết bị điện,2020-01-01,,True,,,
HTM,UPCOM,5373,Bán lẻ phức hợp,2020-01-01,,True,,,
HTP,UPCOM,5557,"Sách, ấn bản & sản phẩm văn hóa",2020-01-01,,True,,,
HTT,UPCOM,5373,Bán lẻ phức hợp,2020-01-01,,True,,,
HU3,UPCOM,2357,Xây dựng,2020-01-01,,True,,,
HU4,UPCOM,2357,Xây dựng,2020-01-01,,True,,,
HU6,UPCOM,8633,Bất động sản,2020-01-01,,True,,,
HUG,UPCOM,3763,Hàng May mặc,2020-01-01,,True,,,
HVA,UPCOM,8775,Tài chính đặc biệt,2020-01-01,,True,,,
HVX,UPCOM,2353,Vật liệu xây dựng & Nội thất,2020-01-01,,True,,,
HWS,UPCOM,7577,Nước,2020-01-01,,True,,,
IBD,UPCOM,5557,"Sách, ấn bản & sản phẩm văn hóa",2020-01-01,,True,,,
ICC,UPCOM,2357,Xây dựng,2020-01-01,,True,,,
ICF,UPCOM,3573,Nuôi trồng nông & hải sản,2020-01-01,,True,,,
ICI,UPCOM,2357,Xây dựng,2020-01-01,,True,,,
ICN,UPCOM,2357,Xây dựng,2020-01-01,,True,,,
IDP,UPCOM,3577,Thực phẩm,2020-01-01,,True,,,
IFS,UPCOM,3537,Đồ uống & giải khát,2020-01-01,,True,,,
IHK,UPCOM,5557,"Sách, ấn bản & sản phẩm văn hóa",2020-01-01,,True,,,
ILA,UPCOM,2353,Vật liệu xây dựng & Nội thất,2020-01-01,,True,,,
ILC,UPCOM,2793,Đào tạo & Việc làm,2020-01-01,,True,,,
ILS,UPCOM,2723,Containers & Đóng gói,2020-01-01,,True,,,
IME,UPCOM,2757,Máy công nghiệp,2020-01-01,,True,,,
IN4,UPCOM,5557,"Sách, ấn bản & sản phẩm văn hóa",2020-01-01,,True,,,
IRC,UPCOM,1353,"Nhựa, cao su & sợi",2020-01-01,,True,,,
ISG,UPCOM,2773,Vận tải Thủy,2020-01-01,,True,,,
ISH,UPCOM,7535,Sản xuất & Phân phối Điện,2020-01-01,,True,,,
IST,UPCOM,2777,"Kho bãi, hậu cần và bảo dưỡng",2020-01-01,,True,,,
ITA,UPCOM,8633,Bất động sản,2020-01-01,,True,,,
ITS,UPCOM,2757,Máy công nghiệp,2020-01-01,,True,,,
JOS,UPCOM,3573,Nuôi trồng nông & hải sản,2020-01-01,,True,,,
KCB,UPCOM,1775,Khai khoáng,2020-01-01,,True,,,
KGM,UPCOM,5373,Bán lẻ phức hợp,2020-01-01,,True,,,
KHD,UPCOM,1775,Khai khoáng,2020-01-01,,True,,,
KHW,UPCOM,7577,Nước,2020-01-01,,True,,,
KHX,UPCOM,5557,"Sách, ấn bản & sản phẩm văn hóa",2020-01-01,,True,,,
KIP,UPCOM,2737,Thiết bị điện,2020-01-01,,True,,,
KPF,UPCOM,2353,Vật liệu xây dựng & Nội thất,2020-01-01,,True,,,
KSQ,UPCOM,2353,Vật liệu xây dựng & Nội thất,2020-01-01,,True,,,
KTC,UPCOM,3577,Thực phẩm,2020-01-01,,True,,,
KTL,UPCOM,1757,Thép và sản phẩm thép,2020-01-01,,True,,,
KTT,UPCOM,2357,Xây dựng,2020-01-01,,True,,,
KVC,UPCOM,1757,Thép và sản phẩm thép,2020-01-01,,True,,,
L12,UPCOM,2357,Xây dựng,2020-01-01,,True,,,
L35,UPCOM,2757,Máy công nghiệp,2020-01-01,,True,,,
L43,UPCOM,2357,Xây dựng,2020-01-01,,True,,,
L45,UPCOM,2357,Xây dựng,2020-01-01,,True,,,
L61,UPCOM,2757,Máy công nghiệp,2020-01-01,,True,,,
L62,UPCOM,2757,Máy công nghiệp,2020-01-01,,True,,,
L63,UPCOM,2757,Máy công nghiệp,2020-01-01,,True,,,
LAI,UPCOM,2357,Xây dựng,2020-01-01,,True,,,
LAW,UPCOM,7577,Nước,2020-01-01,,True,,,
LCM,UPCOM,1775,Khai khoáng,2020-01-01,,True,,,
LDW,UPCOM,7577,Nước,2020-01-01,,True,,,
LEC,UPCOM,8633,Bất động sản,2020-01-01,,True,,,
LG9,UPCOM,2357,Xây dựng,2020-01-01,,True,,,
LIC,UPCOM,2357,Xây dựng,2020-01-01,,True,,,
LKW,UPCOM,7577,Nước,2020-01-01,,True,,,
LLM,UPCOM,2757,Máy công nghiệp,2020-01-01,,True,,,
LM3,UPCOM,2357,Xây dựng,2020-01-01,,True,,,
LM7,UPCOM,2757,Máy công nghiệp,2020-01-01,,True,,,
LMC,UPCOM,1775,Khai khoáng,2020-01-01,,True,,,
LMH,UPCOM,8633,Bất động sản,2020-01-01,,True,,,
LMI,UPCOM,2757,Máy công nghiệp,2020-01-01,,True,,,
LNC,UPCOM,1353,"Nhựa, cao su & sợi",2020-01-01,,True,,,
LO5,UPCOM,2757,Máy công nghiệp,2020-01-01,,True,,,
LPT,UPCOM,2793,Đào tạo & Việc làm,2020-01-01,,True,,,
LQN,UPCOM,2357,Xây dựng,2020-01-01,,True,,,
LSG,UPCOM,8633,Bất động sản,2020-01-01,,True,,,
LTC,UPCOM,9572,Phần cứng,2020-01-01,,True,,,
LTG,UPCOM,3573,Nuôi trồng nông & hải sản,2020-01-01,,True,,,
LUT,UPCOM,2357,Xây dựng,2020-01-01,,True,,,
M10,UPCOM,3763,Hàng May mặc,2020-01-01,,True,,,
MA1,UPCOM,8633,Bất động sản,2020-01-01,,True,,,
MBN,UPCOM,2799,Chất thải & Môi trường,2020-01-01,,True,,,
MBT,UPCOM,8633,Bất động sản,2020-01-01,,True,,,
MCG,UPCOM,2357,Xây dựng,2020-01-01,,True,,,
MDA,UPCOM,2799,Chất thải & Môi trường,2020-01-01,,True,,,
MDF,UPCOM,1733,Lâm sản và Chế biến gỗ,2020-01-01,,True,,,
MEC,UPCOM,2357,Xây dựng,2020-01-01,,True,,,
MEF,UPCOM,4537,Dụng cụ y tế,2020-01-01,,True,,,
MES,UPCOM,2357,Xây dựng,2020-01-01,,True,,,
MFS,UPCOM,6575,Viễn thông di động,2020-01-01,,True,,,
MGC,UPCOM,1775,Khai khoáng,2020-01-01,,True,,,
MGG,UPCOM,3763,Hàng May mặc,2020-01-01,,True,,,
MGR,UPCOM,8633,Bất động sản,2020-01-01,,True,,,
MH3,UPCOM,8633,Bất động sản,2020-01-01,,True,,,
MHL,UPCOM,1757,Thép và sản phẩm thép,2020-01-01,,True,,,
MIE,UPCOM,2757,Máy công nghiệp,2020-01-01,,True,,,
MKP,UPCOM,4577,Dược phẩm,2020-01-01,,True,,,
MLC,UPCOM,2799,Chất thải & Môi trường,2020-01-01,,True,,,
MLS,UPCOM,3573,Nuôi trồng nông & hải sản,2020-01-01,,True,,,
MML,UPCOM,3577,Thực phẩm,2020-01-01,,True,,,
MNB,UPCOM,3763,Hàng May mặc,2020-01-01,,True,,,
MND,UPCOM,2799,Chất thải & Môi trường,2020-01-01,,True,,,
MPC,UPCOM,3573,Nuôi trồng nông & hải sản,2020-01-01,,True,,,
MPT,UPCOM,3763,Hàng May mặc,2020-01-01,,True,,,
MPY,UPCOM,2799,Chất thải & Môi trường,2020-01-01,,True,,,
MQB,UPCOM,2799,Chất thải & Môi trường,2020-01-01,,True,,,
MQN,UPCOM,2799,Chất thải & Môi trường,2020-01-01,,True,,,
MRF,UPCOM,4535,Thiết bị y tế,2020-01-01,,True,,,
MSR,UPCOM,1775,Khai khoáng,2020-01-01,,True,,,
MTA,UPCOM,1775,Khai khoáng,2020-01-01,,True,,,
MTB,UPCOM,2799,Chất thải & Môi trường,2020-01-01,,True,,,
MTG,UPCOM,7573,Phân phối xăng dầu & khí đốt,2020-01-01,,True,,,
MTH,UPCOM,2799,Chất thải & Môi trường,2020-01-01,,True,,,
MTL,UPCOM,2799,Chất thải & Môi trường,2020-01-01,,True,,,
MTP,UPCOM,4577,Dược phẩm,2020-01-01,,True,,,
MTS,UPCOM,2797,Nhà cung cấp thiết bị,2020-01-01,,True,,,
MTV,UPCOM,2799,Chất thải & Môi trường,2020-01-01,,True,,,
MVC,UPCOM,2353,Vật liệu xây dựng & Nội thất,2020-01-01,,True,,,
MVN,UPCOM,2773,Vận tải Thủy,2020-01-01,,True,,,
MZG,UPCOM,1737,Sản xuất giấy,2020-01-01,,True,,,
NAC,UPCOM,2357,Xây dựng,2020-01-01,,True,,,
NAS,UPCOM,2777,"Kho bãi, hậu cần và bảo dưỡng",2020-01-01,,True,,,
NAU,UPCOM,2799,Chất thải & Môi trường,2020-01-01,,True,,,
NAW,UPCOM,7577,Nước,2020-01-01,,True,,,
NBE,UPCOM,5557,"Sách, ấn bản & sản phẩm văn hóa",2020-01-01,,True,,,
NBT,UPCOM,7577,Nước,2020-01-01,,True,,,
NCG,UPCOM,3573,Nuôi trồng nông & hải sản,2020-01-01,,True,,,
NCS,UPCOM,3577,Thực phẩm,2020-01-01,,True,,,
ND2,UPCOM,7535,Sản xuất & Phân phối Điện,2020-01-01,,True,,,
NDC,UPCOM,4577,Dược phẩm,2020-01-01,,True,,,
NDF,UPCOM,3577,Thực phẩm,2020-01-01,,True,,,
NDP,UPCOM,4577,Dược phẩm,2020-01-01,,True,,,
NDT,UPCOM,3763,Hàng May mặc,2020-01-01,,True,,,
NDW,UPCOM,7577,Nước,2020-01-01,,True,,,
NED,UPCOM,2357,Xây dựng,2020-01-01,,True,,,
NGC,UPCOM,3573,Nuôi trồng nông & hải sản,2020-01-01,,True,,,
NHV,UPCOM,1755,Kim Loại màu,2020-01-01,,True,,,
NJC,UPCOM,3763,Hàng May mặc,2020-01-01,,True,,,
NLS,UPCOM,7577,Nước,2020-01-01,,True,,,
NNT,UPCOM,7577,Nước,2020-01-01,,True,,,
NOS,UPCOM,2773,Vận tải Thủy,2020-01-01,,True,,,
NQB,UPCOM,7577,Nước,2020-01-01,,True,,,
NQN,UPCOM,7577,Nước,2020-01-01,,True,,,
NSG,UPCOM,1353,"Nhựa, cao su & sợi",2020-01-01,,True,,,
NSL,UPCOM,7577,Nước,2020-01-01,,True,,,
NSS,UPCOM,3573,Nuôi trồng nông & hải sản,2020-01-01,,True,,,
NTF,UPCOM,4577,Dược phẩm,2020-01-01,,True,,,
NTT,UPCOM,3763,Hàng May mặc,2020-01-01,,True,,,
NTW,UPCOM,7577,Nước,2020-01-01,,True,,,
NUE,UPCOM,2799,Chất thải & Môi trường,2020-01-01,,True,,,
NVP,UPCOM,7577,Nước,2020-01-01,,True,,,
NWT,UPCOM,5759,Vận tải hành khách & Du lịch,2020-01-01,,True,,,
NXT,UPCOM,2353,Vật liệu xây dựng & Nội thất,2020-01-01,,True,,,
ODE,UPCOM,5553,Giải trí & Truyền thông,2020-01-01,,True,,,
OIL,UPCOM,0533,Sản xuất và Khai thác dầu khí,2020-01-01,,True,,,
ONW,UPCOM,5755,Dịch vụ giải trí,2020-01-01,,True,,,
PAI,UPCOM,6535,Viễn thông cố định,2020-01-01,,True,,,
PAP,UPCOM,2777,"Kho bãi, hậu cần và bảo dưỡng",2020-01-01,,True,,,
PAS,UPCOM,1757,Thép và sản phẩm thép,2020-01-01,,True,,,
PAT,UPCOM,1357,"Sản phẩm hóa dầu, Nông dược & Hóa chất khác",2020-01-01,,True,,,
PBC,UPCOM,4577,Dược phẩm,2020-01-01,,True,,,
PBT,UPCOM,2723,Containers & Đóng gói,2020-01-01,,True,,,
PCC,UPCOM,2357,Xây dựng,2020-01-01,,True,,,
PCF,UPCOM,3537,Đồ uống & giải khát,2020-01-01,,True,,,
PCG,UPCOM,7573,Phân phối xăng dầu & khí đốt,2020-01-01,,True,,,
PCM,UPCOM,2353,Vật liệu xây dựng & Nội thất,2020-01-01,,True,,,
PDC,UPCOM,5759,Vận tải hành khách & Du lịch,2020-01-01,,True,,,
PEG,UPCOM,7573,Phân phối xăng dầu & khí đốt,2020-01-01,,True,,,
PEQ,UPCOM,0573,Thiết bị và Dịch vụ Dầu khí,2020-01-01,,True,,,
PFL,UPCOM,2357,Xây dựng,2020-01-01,,True,,,
PGB,UPCOM,8355,Ngân hàng,2020-01-01,,True,,,
PHH,UPCOM,2357,Xây dựng,2020-01-01,,True,,,
PHP,UPCOM,2777,"Kho bãi, hậu cần và bảo dưỡng",2020-01-01,,True,,,
PHS,UPCOM,8777,Môi giới chứng khoán,2020-01-01,,True,,,
PID,UPCOM,2353,Vật liệu xây dựng & Nội thất,2020-01-01,,True,,,
PIS,UPCOM,1733,Lâm sản và Chế biến gỗ,2020-01-01,,True,,,
PIV,UPCOM,8637,"Tư Vấn, Định giá, Môi giới Bất động sản",2020-01-01,,True,,,
PJS,UPCOM,7577,Nước,2020-01-01,,True,,,
PLA,UPCOM,2357,Xây dựng,2020-01-01,,True,,,
PLE,UPCOM,2357,Xây dựng,2020-01-01,,True,,,
PLO,UPCOM,2777,"Kho bãi, hậu cần và bảo dưỡng",2020-01-01,,True,,,
PMJ,UPCOM,9578,Thiết bị viễn thông,2020-01-01,,True,,,
PMT,UPCOM,9578,Thiết bị viễn thông,2020-01-01,,True,,,
PMW,UPCOM,7577,Nước,2020-01-01,,True,,,
PND,UPCOM,7573,Phân phối xăng dầu & khí đốt,2020-01-01,,True,,,
PNG,UPCOM,5757,Nhà hàng và quán bar,2020-01-01,,True,,,
PNP,UPCOM,2773,Vận tải Thủy,2020-01-01,,True,,,
PNT,UPCOM,2357,Xây dựng,2020-01-01,,True,,,
POB,UPCOM,7573,Phân phối xăng dầu & khí đốt,2020-01-01,,True,,,
POM,UPCOM,1757,Thép và sản phẩm thép,2020-01-01,,True,,,
POS,UPCOM,0573,Thiết bị và Dịch vụ Dầu khí,2020-01-01,,True,,,
POV,UPCOM,7573,Phân phối xăng dầu & khí đốt,2020-01-01,,True,,,
PPH,UPCOM,3763,Hàng May mặc,2020-01-01,,True,,,
PPI,UPCOM,8633,Bất động sản,2020-01-01,,True,,,
PQN,UPCOM,2777,"Kho bãi, hậu cần và bảo dưỡng",2020-01-01,,True,,,
PRO,UPCOM,3577,Thực phẩm,2020-01-01,,True,,,
PRT,UPCOM,8633,Bất động sản,2020-01-01,,True,,,
PSB,UPCOM,2357,Xây dựng,2020-01-01,,True,,,
PSH,UPCOM,7573,Phân phối xăng dầu & khí đốt,2020-01-01,,True,,,
PSL,UPCOM,3573,Nuôi trồng nông & hải sản,2020-01-01,,True,,,
PSN,UPCOM,2777,"Kho bãi, hậu cần và bảo dưỡng",2020-01-01,,True,,,
PSP,UPCOM,2779,Dịch vụ vận tải,2020-01-01,,True,,,
PTE,UPCOM,2353,Vật liệu xây dựng & Nội thất,2020-01-01,,True,,,
PTG,UPCOM,3763,Hàng May mặc,2020-01-01,,True,,,
PTH,UPCOM,7573,Phân phối xăng dầu & khí đốt,2020-01-01,,True,,,
PTM,UPCOM,3353,Sản xuất ô tô,2020-01-01,,True,,,
PTO,UPCOM,2357,Xây dựng,2020-01-01,,True,,,
PTP,UPCOM,6535,Viễn thông cố định,2020-01-01,,True,,,
PTT,UPCOM,2779,Dịch vụ vận tải,2020-01-01,,True,,,
PTV,UPCOM,0573,Thiết bị và Dịch vụ Dầu khí,2020-01-01,,True,,,
PVE,UPCOM,0573,Thiết bị và Dịch vụ Dầu khí,2020-01-01,,True,,,
PVH,UPCOM,2357,Xây dựng,2020-01-01,,True,,,
PVL,UPCOM,8633,Bất động sản,2020-01-01,,True,,,
PVM,UPCOM,2797,Nhà cung cấp thiết bị,2020-01-01,,True,,,
PVO,UPCOM,1357,"Sản phẩm hóa dầu, Nông dược & Hóa chất khác",2020-01-01,,True,,,
PVR,UPCOM,8633,Bất động sản,2020-01-01,,True,,,
PVV,UPCOM,2357,Xây dựng,2020-01-01,,True,,,
PVX,UPCOM,2357,Xây dựng,2020-01-01,,True,,,
PVY,UPCOM,2357,Xây dựng,2020-01-01,,True,,,
PWA,UPCOM,8633,Bất động sản,2020-01-01,,True,,,
PWS,UPCOM,7577,Nước,2020-01-01,,True,,,
PXA,UPCOM,8633,Bất động sản,2020-01-01,,True,,,
PXI,UPCOM,2357,Xây dựng,2020-01-01,,True,,,
PXL,UPCOM,8633,Bất động sản,2020-01-01,,True,,,
PXM,UPCOM,2357,Xây dựng,2020-01-01,,True,,,
PXS,UPCOM,2357,Xây dựng,2020-01-01,,True,,,
PXT,UPCOM,2357,Xây dựng,2020-01-01,,True,,,
QBS,UPCOM,1357,"Sản phẩm hóa dầu, Nông dược & Hóa chất khác",2020-01-01,,True,,,
QCC,UPCOM,2357,Xây dựng,2020-01-01,,True,,,
QHW,UPCOM,3537,Đồ uống & giải khát,2020-01-01,,True,,,
QNC,UPCOM,2353,Vật liệu xây dựng & Nội thất,2020-01-01,,True,,,
QNS,UPCOM,3577,Thực phẩm,2020-01-01,,True,,,
QNT,UPCOM,2357,Xây dựng,2020-01-01,,True,,,
QNU,UPCOM,2799,Chất thải & Môi trường,2020-01-01,,True,,,
QNW,UPCOM,7577,Nước,2020-01-01,,True,,,
QPH,UPCOM,7535,Sản xuất & Phân phối Điện,2020-01-01,,True,,,
QSP,UPCOM,2777,"Kho bãi, hậu cần và bảo dưỡng",2020-01-01,,True,,,
QTP,UPCOM,7535,Sản xuất & Phân phối Điện,2020-01-01,,True,,,
RAT,UPCOM,2779,Dịch vụ vận tải,2020-01-01,,True,,,
RBC,UPCOM,1353,"Nhựa, cao su & sợi",2020-01-01,,True,,,
RCC,UPCOM,2357,Xây dựng,2020-01-01,,True,,,
RCD,UPCOM,2357,Xây dựng,2020-01-01,,True,,,
RDP,UPCOM,1353,"Nhựa, cao su & sợi",2020-01-01,,True,,,
RGG,UPCOM,8633,Bất động sản,2020-01-01,,True,,,
RIC,UPCOM,5755,Dịch vụ giải trí,2020-01-01,,True,,,
RTB,UPCOM,1353,"Nhựa, cao su & sợi",2020-01-01,,True,,,
S12,UPCOM,2357,Xây dựng,2020-01-01,,True,,,
S72,UPCOM,2357,Xây dựng,2020-01-01,,True,,,
S74,UPCOM,2357,Xây dựng,2020-01-01,,True,,,
SAC,UPCOM,2777,"Kho bãi, hậu cần và bảo dưỡng",2020-01-01,,True,,,
SAL,UPCOM,2753,Xe tải & Đóng tàu,2020-01-01,,True,,,
SAS,UPCOM,5379,Phân phối hàng chuyên dụng,2020-01-01,,True,,,
SB1,UPCOM,3533,Sản xuất bia,2020-01-01,,True,,,
SBB,UPCOM,3533,Sản xuất bia,2020-01-01,,True,,,
SBD,UPCOM,9537,Phần mềm,2020-01-01,,True,,,
SBH,UPCOM,7535,Sản xuất & Phân phối Điện,2020-01-01,,True,,,
SBL,UPCOM,3533,Sản xuất bia,2020-01-01,,True,,,
SBM,UPCOM,2357,Xây dựng,2020-01-01,,True,,,
SBR,UPCOM,1353,"Nhựa, cao su & sợi",2020-01-01,,True,,,
SBS,UPCOM,8777,Môi giới chứng khoán,2020-01-01,,True,,,
SCC,UPCOM,2353,Vật liệu xây dựng & Nội thất,2020-01-01,,True,,,
SCD,UPCOM,3537,Đồ uống & giải khát,2020-01-01,,True,,,
SCJ,UPCOM,2353,Vật liệu xây dựng & Nội thất,2020-01-01,,True,,,
SCL,UPCOM,2353,Vật liệu xây dựng & Nội thất,2020-01-01,,True,,,
SCO,UPCOM,2757,Máy công nghiệp,2020-01-01,,True,,,
SD2,UPCOM,2357,Xây dựng,2020-01-01,,True,,,
SD3,UPCOM,2357,Xây dựng,2020-01-01,,True,,,
SD4,UPCOM,2357,Xây dựng,2020-01-01,,True,,,
SD6,UPCOM,2357,Xây dựng,2020-01-01,,True,,,
SD7,UPCOM,2357,Xây dựng,2020-01-01,,True,,,
SD8,UPCOM,2357,Xây dựng,2020-01-01,,True,,,
SDD,UPCOM,2357,Xây dựng,2020-01-01,,True,,,
SDK,UPCOM,2757,Máy công nghiệp,2020-01-01,,True,,,
SDP,UPCOM,2357,Xây dựng,2020-01-01,,True,,,
SDT,UPCOM,2357,Xây dựng,2020-01-01,,True,,,
SDV,UPCOM,2799,Chất thải & Môi trường,2020-01-01,,True,,,
SDY,UPCOM,2353,Vật liệu xây dựng & Nội thất,2020-01-01,,True,,,
SEA,UPCOM,3573,Nuôi trồng nông & hải sản,2020-01-01,,True,,,
SEP,UPCOM,1353,"Nhựa, cao su & sợi",2020-01-01,,True,,,
SGB,UPCOM,8355,Ngân hàng,2020-01-01,,True,,,
SGI,UPCOM,3763,Hàng May mặc,2020-01-01,,True,,,
SGP,UPCOM,2777,"Kho bãi, hậu cần và bảo dưỡng",2020-01-01,,True,,,
SGS,UPCOM,2773,Vận tải Thủy,2020-01-01,,True,,,
SHC,UPCOM,2773,Vận tải Thủy,2020-01-01,,True,,,
SHG,UPCOM,2357,Xây dựng,2020-01-01,,True,,,
SID,UPCOM,8633,Bất động sản,2020-01-01,,True,,,
SIG,UPCOM,2357,Xây dựng,2020-01-01,,True,,,
SII,UPCOM,7577,Nước,2020-01-01,,True,,,
SIV,UPCOM,2353,Vật liệu xây dựng & Nội thất,2020-01-01,,True,,,
SJF,UPCOM,1733,Lâm sản và Chế biến gỗ,2020-01-01,,True,,,
SJG,UPCOM,2357,Xây dựng,2020-01-01,,True,,,
SJM,UPCOM,2357,Xây dựng,2020-01-01,,True,,,
SKH,UPCOM,3537,Đồ uống & giải khát,2020-01-01,,True,,,
SKN,UPCOM,3537,Đồ uống & giải khát,2020-01-01,,True,,,
SKV,UPCOM,3537,Đồ uống & giải khát,2020-01-01,,True,,,
SLD,UPCOM,8633,Bất động sản,2020-01-01,,True,,,
SNC,UPCOM,3573,Nuôi trồng nông & hải sản,2020-01-01,,True,,,
SNZ,UPCOM,2357,Xây dựng,2020-01-01,,True,,,
SP2,UPCOM,7535,Sản xuất & Phân phối Điện,2020-01-01,,True,,,
SPB,UPCOM,3763,Hàng May mặc,2020-01-01,,True,,,
SPD,UPCOM,3573,Nuôi trồng nông & hải sản,2020-01-01,,True,,,
SPH,UPCOM,3573,Nuôi trồng nông & hải sản,2020-01-01,,True,,,
SPI,UPCOM,1775,Khai khoáng,2020-01-01,,True,,,
SPV,UPCOM,3573,Nuôi trồng nông & hải sản,2020-01-01,,True,,,
SRB,UPCOM,9537,Phần mềm,2020-01-01,,True,,,
SSF,UPCOM,3765,Giầy dép,2020-01-01,,True,,,
SSG,UPCOM,2773,Vận tải Thủy,2020-01-01,,True,,,
SSH,UPCOM,8633,Bất động sản,2020-01-01,,True,,,
SSN,UPCOM,3573,Nuôi trồng nông & hải sản,2020-01-01,,True,,,
STD,UPCOM,3533,Sản xuất bia,2020-01-01,,True,,,
STH,UPCOM,5557,"Sách, ấn bản & sản phẩm văn hóa",2020-01-01,,True,,,
STL,UPCOM,8633,Bất động sản,2020-01-01,,True,,,
STS,UPCOM,2779,Dịch vụ vận tải,2020-01-01,,True,,,
STT,UPCOM,5759,Vận tải hành khách & Du lịch,2020-01-01,,True,,,
STW,UPCOM,7577,Nước,2020-01-01,,True,,,
SVG,UPCOM,2727,Công nghiệp phức hợp,2020-01-01,,True,,,
SVH,UPCOM,7535,Sản xuất & Phân phối Điện,2020-01-01,,True,,,
SWC,UPCOM,2773,Vận tải Thủy,2020-01-01,,True,,,
SZE,UPCOM,2799,Chất thải & Môi trường,2020-01-01,,True,,,
SZG,UPCOM,8633,Bất động sản,2020-01-01,,True,,,
TA6,UPCOM,2357,Xây dựng,2020-01-01,,True,,,
TAB,UPCOM,2779,Dịch vụ vận tải,2020-01-01,,True,,,
TAN,UPCOM,3537,Đồ uống & giải khát,2020-01-01,,True,,,
TAR,UPCOM,3573,Nuôi trồng nông & hải sản,2020-01-01,,True,,,
TAW,UPCOM,7577,Nước,2020-01-01,,True,,,
TBD,UPCOM,2737,Thiết bị điện,2020-01-01,,True,,,
TBR,UPCOM,8633,Bất động sản,2020-01-01,,True,,,
TBW,UPCOM,7577,Nước,2020-01-01,,True,,,
TCJ,UPCOM,3573,Nuôi trồng nông & hải sản,2020-01-01,,True,,,
TCK,UPCOM,2357,Xây dựng,2020-01-01,,True,,,
TCW,UPCOM,2777,"Kho bãi, hậu cần và bảo dưỡng",2020-01-01,,True,,,
TDB,UPCOM,7535,Sản xuất & Phân phối Điện,2020-01-01,,True,,,
TDF,UPCOM,2353,Vật liệu xây dựng & Nội thất,2020-01-01,,True,,,
TDS,UPCOM,1757,Thép và sản phẩm thép,2020-01-01,,True,,,
TED,UPCOM,2357,Xây dựng,2020-01-01,,True,,,
TGG,UPCOM,2357,Xây dựng,2020-01-01,,True,,,
TGP,UPCOM,2733,Hàng điện & điện tử,2020-01-01,,True,,,
TH1,UPCOM,5337,Phân phối thực phẩm,2020-01-01,,True,,,
THM,UPCOM,3763,Hàng May mặc,2020-01-01,,True,,,
THN,UPCOM,7577,Nước,2020-01-01,,True,,,
THP,UPCOM,3573,Nuôi trồng nông & hải sản,2020-01-01,,True,,,
THU,UPCOM,2799,Chất thải & Môi trường,2020-01-01,,True,,,
THW,UPCOM,7577,Nước,2020-01-01,,True,,,
TID,UPCOM,8633,Bất động sản,2020-01-01,,True,,,
TIE,UPCOM,2733,Hàng điện & điện tử,2020-01-01,,True,,,
TIN,UPCOM,8771,Quản lý tài sản,2020-01-01,,True,,,
TIS,UPCOM,1757,Thép và sản phẩm thép,2020-01-01,,True,,,
TKA,UPCOM,2723,Containers & Đóng gói,2020-01-01,,True,,,
TKC,UPCOM,2357,Xây dựng,2020-01-01,,True,,,
TL4,UPCOM,2357,Xây dựng,2020-01-01,,True,,,
TLP,UPCOM,7573,Phân phối xăng dầu & khí đốt,2020-01-01,,True,,,
TMG,UPCOM,1757,Thép và sản phẩm thép,2020-01-01,,True,,,
TMW,UPCOM,1733,Lâm sản và Chế biến gỗ,2020-01-01,,True,,,
TNA,UPCOM,1757,Thép và sản phẩm thép,2020-01-01,,True,,,
TNB,UPCOM,1757,Thép và sản phẩm thép,2020-01-01,,True,,,
TNP,UPCOM,2777,"Kho bãi, hậu cần và bảo dưỡng",2020-01-01,,True,,,
TNS,UPCOM,1757,Thép và sản phẩm thép,2020-01-01,,True,,,
TNV,UPCOM,3767,Hàng cá nhân,2020-01-01,,True,,,
TNW,UPCOM,7577,Nước,2020-01-01,,True,,,
TOP,UPCOM,5373,Bán lẻ phức hợp,2020-01-01,,True,,,
TOS,UPCOM,0573,Thiết bị và Dịch vụ Dầu khí,2020-01-01,,True,,,
TOW,UPCOM,7577,Nước,2020-01-01,,True,,,
TPS,UPCOM,5759,Vận tải hành khách & Du lịch,2020-01-01,,True,,,
TQN,UPCOM,1733,Lâm sản và Chế biến gỗ,2020-01-01,,True,,,
TQW,UPCOM,7577,Nước,2020-01-01,,True,,,
TR1,UPCOM,2777,"Kho bãi, hậu cần và bảo dưỡng",2020-01-01,,True,,,
TRS,UPCOM,2773,Vận tải Thủy,2020-01-01,,True,,,
TRT,UPCOM,2353,Vật liệu xây dựng & Nội thất,2020-01-01,,True,,,
TRV,UPCOM,2775,Đường sắt,2020-01-01,,True,,,
TS3,UPCOM,2357,Xây dựng,2020-01-01,,True,,,
TSD,UPCOM,5759,Vận tải hành khách & Du lịch,2020-01-01,,True,,,
TSG,UPCOM,2775,Đường sắt,2020-01-01,,True,,,
TSJ,UPCOM,5759,Vận tải hành khách & Du lịch,2020-01-01,,True,,,
TST,UPCOM,9533,Dịch vụ Máy tính,2020-01-01,,True,,,
TT6,UPCOM,3577,Thực phẩm,2020-01-01,,True,,,
TTB,UPCOM,2353,Vật liệu xây dựng & Nội thất,2020-01-01,,True,,,
TTD,UPCOM,4533,Chăm sóc y tế,2020-01-01,,True,,,
TTG,UPCOM,3763,Hàng May mặc,2020-01-01,,True,,,
TTN,UPCOM,6535,Viễn thông cố định,2020-01-01,,True,,,
TTS,UPCOM,1757,Thép và sản phẩm thép,2020-01-01,,True,,,
TTZ,UPCOM,2353,Vật liệu xây dựng & Nội thất,2020-01-01,,True,,,
TUG,UPCOM,2777,"Kho bãi, hậu cần và bảo dưỡng",2020-01-01,,True,,,
TV1,UPCOM,2791,Tư vấn & Hỗ trợ KD,2020-01-01,,True,,,
TV6,UPCOM,8637,"Tư Vấn, Định giá, Môi giới Bất động sản",2020-01-01,,True,,,
TVA,UPCOM,2353,Vật liệu xây dựng & Nội thất,2020-01-01,,True,,,
TVG,UPCOM,2357,Xây dựng,2020-01-01,,True,,,
TVH,UPCOM,2357,Xây dựng,2020-01-01,,True,,,
TVM,UPCOM,2791,Tư vấn & Hỗ trợ KD,2020-01-01,,True,,,
TVN,UPCOM,1757,Thép và sản phẩm thép,2020-01-01,,True,,,
TW3,UPCOM,4577,Dược phẩm,2020-01-01,,True,,,
UCT,UPCOM,2799,Chất thải & Môi trường,2020-01-01,,True,,,
UDC,UPCOM,2357,Xây dựng,2020-01-01,,True,,,
UDJ,UPCOM,2357,Xây dựng,2020-01-01,,True,,,
UDL,UPCOM,2799,Chất thải & Môi trường,2020-01-01,,True,,,
UEM,UPCOM,2757,Máy công nghiệp,2020-01-01,,True,,,
UMC,UPCOM,2357,Xây dựng,2020-01-01,,True,,,
UPC,UPCOM,7575,Tiện ích khác,2020-01-01,,True,,,
UPH,UPCOM,4577,Dược phẩm,2020-01-01,,True,,,
UPS,UPCOM,8777,Môi giới chứng khoán,2020-01-01,,True,,,
USC,UPCOM,2357,Xây dựng,2020-01-01,,True,,,
USD,UPCOM,2799,Chất thải & Môi trường,2020-01-01,,True,,,
UTT,UPCOM,2799,Chất thải & Môi trường,2020-01-01,,True,,,
UXC,UPCOM,3573,Nuôi trồng nông & hải sản,2020-01-01,,True,,,
VAV,UPCOM,7577,Nước,2020-01-01,,True,,,
VBB,UPCOM,8355,Ngân hàng,2020-01-01,,True,,,
VBG,UPCOM,1775,Khai khoáng,2020-01-01,,True,,,
VBH,UPCOM,2733,Hàng điện & điện tử,2020-01-01,,True,,,
VBT,UPCOM,2779,Dịch vụ vận tải,2020-01-01,,True,,,
VCE,UPCOM,2357,Xây dựng,2020-01-01,,True,,,
VCP,UPCOM,7535,Sản xuất & Phân phối Điện,2020-01-01,,True,,,
VCR,UPCOM,8633,Bất động sản,2020-01-01,,True,,,
VCT,UPCOM,2791,Tư vấn & Hỗ trợ KD,2020-01-01,,True,,,
VCX,UPCOM,2353,Vật liệu xây dựng & Nội thất,2020-01-01,,True,,,
VDB,UPCOM,1771,Khai thác Than,2020-01-01,,True,,,
VDG,UPCOM,3763,Hàng May mặc,2020-01-01,,True,,,
VDN,UPCOM,3763,Hàng May mặc,2020-01-01,,True,,,
VDT,UPCOM,1757,Thép và sản phẩm thép,2020-01-01,,True,,,
VE2,UPCOM,2357,Xây dựng,2020-01-01,,True,,,
VE8,UPCOM,2357,Xây dựng,2020-01-01,,True,,,
VE9,UPCOM,2357,Xây dựng,2020-01-01,,True,,,
VEA,UPCOM,2757,Máy công nghiệp,2020-01-01,,True,,,
VEC,UPCOM,9572,Phần cứng,2020-01-01,,True,,,
VEF,UPCOM,8633,Bất động sản,2020-01-01,,True,,,
VES,UPCOM,8633,Bất động sản,2020-01-01,,True,,,
VET,UPCOM,1357,"Sản phẩm hóa dầu, Nông dược & Hóa chất khác",2020-01-01,,True,,,
VFC,UPCOM,2773,Vận tải Thủy,2020-01-01,,True,,,
VFR,UPCOM,2773,Vận tải Thủy,2020-01-01,,True,,,
VGG,UPCOM,3763,Hàng May mặc,2020-01-01,,True,,,
VGI,UPCOM,6575,Viễn thông di động,2020-01-01,,True,,,
VGL,UPCOM,1757,Thép và sản phẩm thép,2020-01-01,,True,,,
VGR,UPCOM,2777,"Kho bãi, hậu cần và bảo dưỡng",2020-01-01,,True,,,
VGT,UPCOM,3763,Hàng May mặc,2020-01-01,,True,,,
VGV,UPCOM,8633,Bất động sản,2020-01-01,,True,,,
VHD,UPCOM,8633,Bất động sản,2020-01-01,,True,,,
VHF,UPCOM,3577,Thực phẩm,2020-01-01,,True,,,
VHG,UPCOM,2727,Công nghiệp phức hợp,2020-01-01,,True,,,
VHH,UPCOM,2353,Vật liệu xây dựng & Nội thất,2020-01-01,,True,,,
VIE,UPCOM,9578,Thiết bị viễn thông,2020-01-01,,True,,,
VIM,UPCOM,1775,Khai khoáng,2020-01-01,,True,,,
VIN,UPCOM,2777,"Kho bãi, hậu cần và bảo dưỡng",2020-01-01,,True,,,
VIR,UPCOM,5753,Khách sạn,2020-01-01,,True,,,
VIW,UPCOM,2357,Xây dựng,2020-01-01,,True,,,
VKC,UPCOM,3357,Lốp xe,2020-01-01,,True,,,
VKP,UPCOM,1353,"Nhựa, cao su & sợi",2020-01-01,,True,,,
VLB,UPCOM,2353,Vật liệu xây dựng & Nội thất,2020-01-01,,True,,,
VLC,UPCOM,3573,Nuôi trồng nông & hải sản,2020-01-01,,True,,,
VLG,UPCOM,2779,Dịch vụ vận tải,2020-01-01,,True,,,
VLP,UPCOM,2799,Chất thải & Môi trường,2020-01-01,,True,,,
VLS,UPCOM,1757,Thép và sản phẩm thép,2020-01-01,,True,,,
VLW,UPCOM,7577,Nước,2020-01-01,,True,,,
VMA,UPCOM,3353,Sản xuất ô tô,2020-01-01,,True,,,
VMG,UPCOM,7573,Phân phối xăng dầu & khí đốt,2020-01-01,,True,,,
VMK,UPCOM,2353,Vật liệu xây dựng & Nội thất,2020-01-01,,True,,,
VMT,UPCOM,2779,Dịch vụ vận tải,2020-01-01,,True,,,
VNA,UPCOM,2773,Vận tải Thủy,2020-01-01,,True,,,
VNB,UPCOM,5557,"Sách, ấn bản & sản phẩm văn hóa",2020-01-01,,True,,,
VNH,UPCOM,3573,Nuôi trồng nông & hải sản,2020-01-01,,True,,,
VNI,UPCOM,8633,Bất động sản,2020-01-01,,True,,,
VNP,UPCOM,1353,"Nhựa, cao su & sợi",2020-01-01,,True,,,
VNX,UPCOM,5555,Dịch vụ truyền thông,2020-01-01,,True,,,
VNY,UPCOM,1357,"Sản phẩm hóa dầu, Nông dược & Hóa chất khác",2020-01-01,,True,,,
VNZ,UPCOM,5553,Giải trí & Truyền thông,2020-01-01,,True,,,
VPA,UPCOM,2773,Vận tải Thủy,2020-01-01,,True,,,
VPC,UPCOM,2357,Xây dựng,2020-01-01,,True,,,
VPR,UPCOM,5557,"Sách, ấn bản & sản phẩm văn hóa",2020-01-01,,True,,,
VPW,UPCOM,7577,Nước,2020-01-01,,True,,,
VQC,UPCOM,2791,Tư vấn & Hỗ trợ KD,2020-01-01,,True,,,
VRG,UPCOM,8633,Bất động sản,2020-01-01,,True,,,
VSE,UPCOM,2777,"Kho bãi, hậu cần và bảo dưỡng",2020-01-01,,True,,,
VSF,UPCOM,3577,Thực phẩm,2020-01-01,,True,,,
VSG,UPCOM,2777,"Kho bãi, hậu cần và bảo dưỡng",2020-01-01,,True,,,
VSN,UPCOM,3577,Thực phẩm,2020-01-01,,True,,,
VST,UPCOM,2773,Vận tải Thủy,2020-01-01,,True,,,
VTA,UPCOM,2353,Vật liệu xây dựng & Nội thất,2020-01-01,,True,,,
VTD,UPCOM,5759,Vận tải hành khách & Du lịch,2020-01-01,,True,,,
VTE,UPCOM,9578,Thiết bị viễn thông,2020-01-01,,True,,,
VTG,UPCOM,5759,Vận tải hành khách & Du lịch,2020-01-01,,True,,,
VTI,UPCOM,3763,Hàng May mặc,2020-01-01,,True,,,
VTK,UPCOM,2791,Tư vấn & Hỗ trợ KD,2020-01-01,,True,,,
VTM,UPCOM,5759,Vận tải hành khách & Du lịch,2020-01-01,,True,,,
VTQ,UPCOM,1353,"Nhựa, cao su & sợi",2020-01-01,,True,,,
VTR,UPCOM,5759,Vận tải hành khách & Du lịch,2020-01-01,,True,,,
VTS,UPCOM,2353,Vật liệu xây dựng & Nội thất,2020-01-01,,True,,,
VTX,UPCOM,2779,Dịch vụ vận tải,2020-01-01,,True,,,
VUA,UPCOM,8777,Môi giới chứng khoán,2020-01-01,,True,,,
VVN,UPCOM,2357,Xây dựng,2020-01-01,,True,,,
VW3,UPCOM,2357,Xây dựng,2020-01-01,,True,,,
VWS,UPCOM,7577,Nước,2020-01-01,,True,,,
VXB,UPCOM,2353,Vật liệu xây dựng & Nội thất,2020-01-01,,True,,,
VXP,UPCOM,1357,"Sản phẩm hóa dầu, Nông dược & Hóa chất khác",2020-01-01,,True,,,
VXT,UPCOM,2797,Nhà cung cấp thiết bị,2020-01-01,,True,,,
WSB,UPCOM,3533,Sản xuất bia,2020-01-01,,True,,,
WTC,UPCOM,2773,Vận tải Thủy,2020-01-01,,True,,,
X26,UPCOM,3763,Hàng May mặc,2020-01-01,,True,,,
X77,UPCOM,2353,Vật liệu xây dựng & Nội thất,2020-01-01,,True,,,
XDH,UPCOM,8633,Bất động sản,2020-01-01,,True,,,
XHC,UPCOM,3726,Thiết bị gia dụng,2020-01-01,,True,,,
XLV,UPCOM,2357,Xây dựng,2020-01-01,,True,,,
XMC,UPCOM,2353,Vật liệu xây dựng & Nội thất,2020-01-01,,True,,,
XMD,UPCOM,2353,Vật liệu xây dựng & Nội thất,2020-01-01,,True,,,
XMP,UPCOM,7535,Sản xuất & Phân phối Điện,2020-01-01,,True,,,
XPH,UPCOM,3767,Hàng cá nhân,2020-01-01,,True,,,
YBC,UPCOM,2353,Vật liệu xây dựng & Nội thất,2020-01-01,,True,,,
YTC,UPCOM,4537,Dụng cụ y tế,2020-01-01,,True,,,
